# MagicaVoxel @ Ephtracy

# group
o 

# material
mtllib creeper.mtl
usemtl palette

# normals
vn -1 0 0
vn 1 0 0
vn 0 0 1
vn 0 0 -1
vn 0 -1 0
vn 0 1 0

# texcoords
vt 0.208984 0.5
vt 0.341797 0.5
vt 0.537109 0.5
vt 0.626953 0.5
vt 0.650391 0.5
vt 0.654297 0.5
vt 0.701172 0.5
vt 0.794922 0.5
vt 0.861328 0.5
vt 0.896484 0.5
vt 0.900391 0.5
vt 0.904297 0.5
vt 0.908203 0.5
vt 0.978516 0.5
vt 0.990234 0.5
vt 0.994141 0.5

# verts
v -2 0 2
v -2 0 -2
v -2 0.3 2
v -2 0.3 -2
v -2 0.4 2
v -2 0.4 0.9
v -2 0.4 0.8
v -2 0.4 0.4
v -2 0.4 0.3
v -2 0.4 -2
v -2 0.5 0.9
v -2 0.5 0.8
v -2 0.5 -0.4
v -2 0.5 -0.5
v -2 0.6 0.4
v -2 0.6 0.3
v -2 0.7 -0.4
v -2 0.7 -0.5
v -2 1.9 -0.5
v -2 1.9 -0.6
v -2 2.3 -0.5
v -2 2.3 -0.6
v -1.9 0.4 1.3
v -1.9 0.4 1.2
v -1.9 0.4 1
v -1.9 0.4 0.9
v -1.9 0.4 0.7
v -1.9 0.4 0.6
v -1.9 0.4 0.5
v -1.9 0.4 0.4
v -1.9 0.4 0.3
v -1.9 0.4 0.2
v -1.9 0.4 0.0999999
v -1.9 0.4 -2.38419e-07
v -1.9 0.4 -0.2
v -1.9 0.4 -0.3
v -1.9 0.4 -0.4
v -1.9 0.4 -0.5
v -1.9 0.5 1.3
v -1.9 0.5 1.2
v -1.9 0.5 1
v -1.9 0.5 0.9
v -1.9 0.5 0.7
v -1.9 0.5 0.6
v -1.9 0.5 0.5
v -1.9 0.5 0.4
v -1.9 0.5 0.0999999
v -1.9 0.5 -2.38419e-07
v -1.9 0.5 -0.2
v -1.9 0.5 -0.3
v -1.9 0.5 -0.4
v -1.9 0.5 -0.5
v -1.9 0.6 0.3
v -1.9 0.6 0.0999999
v -1.9 0.6 -2.38419e-07
v -1.9 0.8 0.3
v -1.9 0.8 0.2
v -1.9 0.9 -0.4
v -1.9 0.9 -0.5
v -1.9 1.5 -0.4
v -1.9 1.5 -0.5
v -1.9 1.5 -0.6
v -1.9 1.8 -0.5
v -1.9 1.8 -0.6
v -1.9 1.9 -0.4
v -1.9 1.9 -0.5
v -1.9 1.9 -0.6
v -1.9 1.9 -0.7
v -1.9 2.1 -0.4
v -1.9 2.1 -0.5
v -1.9 2.1 -0.6
v -1.9 2.1 -0.7
v -1.8 0.4 1.6
v -1.8 0.4 1.5
v -1.8 0.4 1.2
v -1.8 0.4 1.1
v -1.8 0.4 0.8
v -1.8 0.4 0.7
v -1.8 0.4 0.6
v -1.8 0.4 0.5
v -1.8 0.4 0.4
v -1.8 0.4 0.3
v -1.8 0.4 -0.1
v -1.8 0.4 -0.2
v -1.8 0.4 -0.3
v -1.8 0.4 -0.4
v -1.8 0.4 -0.5
v -1.8 0.4 -0.6
v -1.8 0.4 -0.9
v -1.8 0.4 -1
v -1.8 0.5 1.2
v -1.8 0.5 1.1
v -1.8 0.5 0.7
v -1.8 0.5 0.6
v -1.8 0.5 0.5
v -1.8 0.5 0.4
v -1.8 0.5 0.3
v -1.8 0.5 -0.1
v -1.8 0.5 -0.2
v -1.8 0.5 -0.3
v -1.8 0.5 -0.4
v -1.8 0.5 -0.5
v -1.8 0.5 -0.6
v -1.8 0.5 -0.9
v -1.8 0.5 -1
v -1.8 0.6 1.6
v -1.8 0.6 1.5
v -1.8 0.6 0.8
v -1.8 0.6 0.7
v -1.8 0.6 -0.4
v -1.8 0.6 -0.5
v -1.8 0.7 0.6
v -1.8 0.7 0.5
v -1.8 0.9 -0.4
v -1.8 0.9 -0.5
v -1.8 2.1 -0.5
v -1.8 2.1 -0.6
v -1.8 2.2 -0.5
v -1.8 2.2 -0.6
v -1.7 0.4 1.7
v -1.7 0.4 1.6
v -1.7 0.4 1.5
v -1.7 0.4 1.4
v -1.7 0.4 1.3
v -1.7 0.4 1.2
v -1.7 0.4 1
v -1.7 0.4 0.9
v -1.7 0.4 0.8
v -1.7 0.4 0.5
v -1.7 0.4 0.4
v -1.7 0.4 -0.8
v -1.7 0.4 -0.9
v -1.7 0.4 -1.2
v -1.7 0.4 -1.3
v -1.7 0.5 1.7
v -1.7 0.5 1.6
v -1.7 0.5 1.5
v -1.7 0.5 1.4
v -1.7 0.5 1.2
v -1.7 0.5 1
v -1.7 0.5 0.9
v -1.7 0.5 0.8
v -1.7 0.5 0.5
v -1.7 0.5 0.4
v -1.7 0.5 0.3
v -1.7 0.5 0.2
v -1.7 0.5 -0.1
v -1.7 0.5 -0.2
v -1.7 0.5 -0.5
v -1.7 0.5 -0.6
v -1.7 0.5 -0.8
v -1.7 0.5 -0.9
v -1.7 0.5 -1
v -1.7 0.6 1.3
v -1.7 0.6 1.2
v -1.7 0.6 0.3
v -1.7 0.6 0.2
v -1.7 0.6 -0.1
v -1.7 0.6 -0.2
v -1.7 0.6 -0.5
v -1.7 0.6 -0.6
v -1.7 0.6 -0.8
v -1.7 0.6 -0.9
v -1.7 0.6 -1
v -1.7 0.7 1.3
v -1.7 0.7 1.2
v -1.7 0.8 -1.2
v -1.7 0.8 -1.3
v -1.6 0.4 1.4
v -1.6 0.4 1.3
v -1.6 0.4 1.1
v -1.6 0.4 1
v -1.6 0.4 0.8
v -1.6 0.4 0.7
v -1.6 0.4 0.6
v -1.6 0.4 0.0999999
v -1.6 0.4 -2.38419e-07
v -1.6 0.4 -0.1
v -1.6 0.4 -0.2
v -1.6 0.4 -0.3
v -1.6 0.4 -1.3
v -1.6 0.4 -1.4
v -1.6 0.5 1.4
v -1.6 0.5 1.3
v -1.6 0.5 1
v -1.6 0.5 0.8
v -1.6 0.5 0.7
v -1.6 0.5 0.6
v -1.6 0.5 0.5
v -1.6 0.5 0.4
v -1.6 0.5 0.0999999
v -1.6 0.5 -2.38419e-07
v -1.6 0.5 -0.1
v -1.6 0.5 -0.2
v -1.6 0.5 -0.3
v -1.6 0.5 -0.6
v -1.6 0.5 -0.7
v -1.6 0.5 -1.3
v -1.6 0.5 -1.4
v -1.6 0.6 1.1
v -1.6 0.6 1
v -1.6 0.6 0.8
v -1.6 0.6 0.7
v -1.6 0.6 0.6
v -1.6 0.6 -0.6
v -1.6 0.7 0.5
v -1.6 0.7 0.4
v -1.6 0.7 -0.6
v -1.6 0.7 -0.7
v -1.5 0.4 1.5
v -1.5 0.4 1.4
v -1.5 0.4 1.2
v -1.5 0.4 1.1
v -1.5 0.4 0.9
v -1.5 0.4 0.8
v -1.5 0.4 0.6
v -1.5 0.4 0.5
v -1.5 0.4 0.3
v -1.5 0.4 0.2
v -1.5 0.4 -0.1
v -1.5 0.4 -0.2
v -1.5 0.4 -0.3
v -1.5 0.4 -0.6
v -1.5 0.4 -1.2
v -1.5 0.4 -1.3
v -1.5 0.4 -1.4
v -1.5 0.4 -1.5
v -1.5 0.5 1.4
v -1.5 0.5 1.2
v -1.5 0.5 1.1
v -1.5 0.5 0.9
v -1.5 0.5 0.8
v -1.5 0.5 0.6
v -1.5 0.5 0.5
v -1.5 0.5 0.3
v -1.5 0.5 0.2
v -1.5 0.5 -2.38419e-07
v -1.5 0.5 -0.1
v -1.5 0.5 -0.2
v -1.5 0.5 -0.3
v -1.5 0.5 -0.4
v -1.5 0.5 -0.6
v -1.5 0.5 -0.8
v -1.5 0.5 -0.9
v -1.5 0.5 -1.3
v -1.5 0.5 -1.4
v -1.5 0.6 -0.2
v -1.5 0.6 -0.4
v -1.5 0.6 -1.2
v -1.5 0.6 -1.3
v -1.5 0.7 1.5
v -1.5 0.7 1.4
v -1.5 0.7 -2.38419e-07
v -1.5 0.7 -0.1
v -1.5 0.7 -0.8
v -1.5 0.7 -0.9
v -1.5 0.9 -1.4
v -1.5 0.9 -1.5
v -1.4 0.4 1.4
v -1.4 0.4 1.2
v -1.4 0.4 1
v -1.4 0.4 0.9
v -1.4 0.4 0.7
v -1.4 0.4 0.6
v -1.4 0.4 0.5
v -1.4 0.4 0.4
v -1.4 0.4 0.2
v -1.4 0.4 -2.38419e-07
v -1.4 0.4 -0.6
v -1.4 0.4 -0.7
v -1.4 0.4 -0.9
v -1.4 0.4 -1.2
v -1.4 0.4 -1.3
v -1.4 0.4 -1.4
v -1.4 0.5 1.4
v -1.4 0.5 1.3
v -1.4 0.5 1.2
v -1.4 0.5 1
v -1.4 0.5 0.9
v -1.4 0.5 0.6
v -1.4 0.5 0.5
v -1.4 0.5 0.4
v -1.4 0.5 0.2
v -1.4 0.5 -0.6
v -1.4 0.5 -0.7
v -1.4 0.5 -0.9
v -1.4 0.5 -1.2
v -1.4 0.6 0.7
v -1.4 0.6 0.6
v -1.4 0.6 0.0999999
v -1.4 0.6 -2.38419e-07
v -1.4 0.6 -1.3
v -1.4 0.7 -1.3
v -1.4 0.7 -1.4
v -1.4 0.8 1.3
v -1.4 0.8 1.2
v -1.4 0.8 0.2
v -1.4 0.8 0.0999999
v -1.4 0.9 1.3
v -1.4 0.9 1.2
v -1.4 0.9 0.2
v -1.4 0.9 0.0999999
v -1.3 0.4 1.6
v -1.3 0.4 1.5
v -1.3 0.4 1.2
v -1.3 0.4 1
v -1.3 0.4 0.8
v -1.3 0.4 0.7
v -1.3 0.4 0.4
v -1.3 0.4 0.2
v -1.3 0.4 -2.38419e-07
v -1.3 0.4 -0.1
v -1.3 0.4 -0.4
v -1.3 0.4 -0.6
v -1.3 0.4 -1.2
v -1.3 0.4 -1.3
v -1.3 0.4 -1.5
v -1.3 0.4 -1.6
v -1.3 0.4 -1.8
v -1.3 0.4 -1.9
v -1.3 0.5 1.6
v -1.3 0.5 1.5
v -1.3 0.5 1
v -1.3 0.5 0.8
v -1.3 0.5 0.7
v -1.3 0.5 0.4
v -1.3 0.5 0.3
v -1.3 0.5 0.2
v -1.3 0.5 -2.38419e-07
v -1.3 0.5 -0.1
v -1.3 0.5 -0.4
v -1.3 0.5 -0.5
v -1.3 0.5 -0.6
v -1.3 0.5 -1
v -1.3 0.5 -1.1
v -1.3 0.5 -1.2
v -1.3 0.5 -1.3
v -1.3 0.5 -1.5
v -1.3 0.5 -1.6
v -1.3 0.5 -1.8
v -1.3 0.5 -1.9
v -1.3 0.6 1.2
v -1.3 0.6 1.1
v -1.3 0.6 0.4
v -1.3 0.6 0.3
v -1.3 0.6 -0.5
v -1.3 0.6 -0.6
v -1.3 0.6 -0.8
v -1.3 0.6 -0.9
v -1.3 0.6 -1
v -1.3 0.6 -1.1
v -1.3 0.7 1.1
v -1.3 0.7 1
v -1.3 0.7 0.4
v -1.3 0.7 0.3
v -1.3 0.8 -0.8
v -1.3 0.8 -0.9
v -1.3 0.9 -0.8
v -1.3 0.9 -0.9
v -1.2 0.4 1.4
v -1.2 0.4 1.3
v -1.2 0.4 1
v -1.2 0.4 0.9
v -1.2 0.4 0.7
v -1.2 0.4 0.6
v -1.2 0.4 0.0999999
v -1.2 0.4 -2.38419e-07
v -1.2 0.4 -0.7
v -1.2 0.4 -0.8
v -1.2 0.4 -1.3
v -1.2 0.4 -1.4
v -1.2 0.4 -1.6
v -1.2 0.4 -1.7
v -1.2 0.5 1.4
v -1.2 0.5 1.3
v -1.2 0.5 1
v -1.2 0.5 0.9
v -1.2 0.5 0.7
v -1.2 0.5 0.6
v -1.2 0.5 -2.38419e-07
v -1.2 0.5 -0.7
v -1.2 0.5 -0.8
v -1.2 0.5 -1.3
v -1.2 0.5 -1.6
v -1.2 0.6 1.4
v -1.2 0.6 1.3
v -1.2 0.6 0.0999999
v -1.2 0.6 -2.38419e-07
v -1.2 0.6 -1.3
v -1.2 0.6 -1.4
v -1.2 0.6 -1.6
v -1.2 0.6 -1.7
v -1.1 0.4 1.3
v -1.1 0.4 1.2
v -1.1 0.4 0.3
v -1.1 0.4 0.2
v -1.1 0.4 -0.4
v -1.1 0.4 -0.6
v -1.1 0.4 -0.8
v -1.1 0.4 -0.9
v -1.1 0.4 -1.1
v -1.1 0.4 -1.3
v -1.1 0.5 1.3
v -1.1 0.5 1.2
v -1.1 0.5 1
v -1.1 0.5 0.9
v -1.1 0.5 0.3
v -1.1 0.5 0.2
v -1.1 0.5 -0.4
v -1.1 0.5 -0.5
v -1.1 0.5 -0.8
v -1.1 0.5 -1.1
v -1.1 0.5 -1.2
v -1.1 0.6 1
v -1.1 0.6 0.9
v -1.1 0.6 -1.2
v -1.1 0.6 -1.3
v -1.1 0.7 1
v -1.1 0.7 0.9
v -1.1 0.7 -0.5
v -1.1 0.7 -0.6
v -1.1 0.7 -0.8
v -1.1 0.7 -0.9
v -1 0.4 1.1
v -1 0.4 1
v -1 0.4 0.9
v -1 0.4 0.8
v -1 0.4 -0.7
v -1 0.4 -0.8
v -1 0.4 -1.3
v -1 0.4 -1.5
v -1 0.4 -1.6
v -1 0.4 -1.7
v -1 0.4 -1.8
v -1 0.4 -1.9
v -1 0.5 1.1
v -1 0.5 1
v -1 0.5 0.9
v -1 0.5 0.8
v -1 0.5 -0.7
v -1 0.5 -0.8
v -1 0.5 -1.3
v -1 0.5 -1.4
v -1 0.5 -1.5
v -1 0.5 -1.6
v -1 0.6 -1.4
v -1 0.6 -1.5
v -1 0.6 -1.6
v -1 0.6 -1.8
v -1 0.6 -1.9
v -1 0.7 -1.4
v -1 0.7 -1.5
v -1 0.7 -1.8
v -1 0.7 -1.9
v -1 0.8 -1.6
v -1 0.8 -1.7
v -1 0.9 -1.6
v -1 0.9 -1.7
v -0.9 0.4 -1.7
v -0.9 0.4 -1.8
v -0.9 0.4 -1.9
v -0.9 0.4 -2
v -0.9 0.5 -1.7
v -0.9 0.5 -1.8
v -0.9 0.5 -1.9
v -0.9 0.5 -2
v -0.8 0.4 -1.5
v -0.8 0.4 -1.6
v -0.8 0.5 -1.5
v -0.8 0.5 -1.6
v -0.7 0.4 -0.8
v -0.7 0.4 -0.9
v -0.7 0.4 -1.4
v -0.7 0.4 -1.5
v -0.7 0.4 -1.6
v -0.7 0.4 -1.7
v -0.7 0.4 -1.8
v -0.7 0.4 -2
v -0.7 0.5 -0.8
v -0.7 0.5 -0.9
v -0.7 0.5 -1.4
v -0.7 0.5 -1.5
v -0.7 0.5 -1.6
v -0.7 0.6 -1.6
v -0.7 0.6 -1.7
v -0.7 0.6 -1.9
v -0.7 0.6 -2
v -0.7 0.7 -1.8
v -0.7 0.7 -1.9
v -0.7 0.7 -2
v -0.6 0.4 -1.5
v -0.6 0.4 -1.6
v -0.6 0.4 -1.7
v -0.6 0.4 -1.8
v -0.6 0.5 -1.5
v -0.6 0.5 -1.6
v -0.6 0.5 -1.7
v -0.6 0.5 -1.8
v -0.5 0.4 0.3
v -0.5 0.4 0.2
v -0.5 0.4 -0.1
v -0.5 0.4 -0.5
v -0.5 0.4 -0.6
v -0.5 0.4 -0.9
v -0.5 0.5 0.3
v -0.5 0.5 0.2
v -0.5 0.5 -0.5
v -0.5 0.5 -0.6
v -0.5 0.6 0.3
v -0.5 0.6 0.2
v -0.5 0.6 -0.5
v -0.5 0.6 -0.6
v -0.5 1 0.3
v -0.5 1 -0.1
v -0.5 1 -0.5
v -0.5 1 -0.9
v -0.5 1.3 -0.2
v -0.5 1.3 -0.3
v -0.5 1.4 -0.2
v -0.5 1.4 -0.3
v -0.5 1.5 -0.2
v -0.5 1.5 -0.3
v -0.5 1.9 -0.3
v -0.5 1.9 -0.4
v -0.5 2 -0.3
v -0.5 2 -0.4
v -0.5 2.1 -0.3
v -0.5 2.1 -0.4
v -0.5 2.3 0.0999999
v -0.5 2.3 -0.1
v -0.5 2.3 -0.5
v -0.5 2.3 -0.7
v -0.5 3.1 0.0999999
v -0.5 3.1 -0.7
v -0.4 0.4 -1.6
v -0.4 0.4 -1.7
v -0.4 0.5 -1.6
v -0.4 0.5 -1.7
v -0.3 0.4 -1.5
v -0.3 0.4 -1.6
v -0.3 0.5 -1.5
v -0.3 0.5 -1.6
v -0.2 0.4 -1.4
v -0.2 0.4 -1.5
v -0.2 0.4 -1.7
v -0.2 0.4 -1.9
v -0.2 0.5 -1.5
v -0.2 0.5 -1.6
v -0.2 0.5 -1.7
v -0.2 0.5 -1.9
v -0.2 0.6 -1.4
v -0.2 0.6 -1.6
v -0.0999999 0.4 -1
v -0.0999999 0.4 -1.2
v -0.0999999 0.4 -1.3
v -0.0999999 0.4 -1.4
v -0.0999999 0.5 -1
v -0.0999999 0.5 -1.2
v -0.0999999 0.5 -1.3
v -0.0999999 0.5 -1.4
v 2.38419e-07 0.5 -1.5
v 2.38419e-07 0.5 -1.6
v 2.38419e-07 0.7 -1.5
v 2.38419e-07 0.7 -1.6
v 2.38419e-07 0.8 -1.5
v 2.38419e-07 0.8 -1.6
v 0.1 0.4 -1.1
v 0.1 0.4 -1.3
v 0.1 0.4 -1.4
v 0.1 0.4 -1.5
v 0.1 0.4 -1.6
v 0.1 0.4 -1.7
v 0.1 0.4 -1.8
v 0.1 0.4 -1.9
v 0.1 0.5 -1.1
v 0.1 0.5 -1.3
v 0.1 0.5 -1.4
v 0.1 0.5 -1.5
v 0.1 0.5 -1.6
v 0.1 0.5 -1.7
v 0.1 0.5 -1.8
v 0.1 0.5 -1.9
v 0.2 0.5 -1.6
v 0.2 0.5 -1.7
v 0.2 0.6 -1.6
v 0.2 0.6 -1.7
v 0.3 0.4 -1.2
v 0.3 0.4 -1.4
v 0.3 0.4 -1.5
v 0.3 0.4 -1.6
v 0.3 0.5 -1.2
v 0.3 0.5 -1.3
v 0.3 0.5 -1.5
v 0.3 0.5 -1.6
v 0.3 0.7 -1.3
v 0.3 0.7 -1.4
v 0.5 0.4 -1.7
v 0.5 0.4 -1.8
v 0.5 0.5 -1.7
v 0.5 0.5 -1.8
v 0.6 0.4 -1.3
v 0.6 0.4 -1.4
v 0.6 0.6 -1.3
v 0.6 0.6 -1.4
v 0.7 0.4 -1.4
v 0.7 0.4 -1.5
v 0.7 0.4 -1.9
v 0.7 0.4 -2
v 0.7 0.5 -1.4
v 0.7 0.5 -1.5
v 0.7 0.5 -1.9
v 0.7 0.5 -2
v 0.8 0.4 1.3
v 0.8 0.4 1.2
v 0.8 0.4 -0.3
v 0.8 0.4 -0.4
v 0.8 0.4 -0.7
v 0.8 0.4 -0.8
v 0.8 0.4 -1.2
v 0.8 0.4 -1.3
v 0.8 0.4 -1.5
v 0.8 0.4 -1.6
v 0.8 0.4 -1.7
v 0.8 0.4 -1.9
v 0.8 0.5 1.3
v 0.8 0.5 1.2
v 0.8 0.5 -0.3
v 0.8 0.5 -0.4
v 0.8 0.5 -0.7
v 0.8 0.5 -0.8
v 0.8 0.5 -1.2
v 0.8 0.5 -1.3
v 0.8 0.5 -1.5
v 0.8 0.5 -1.6
v 0.8 0.5 -1.7
v 0.8 0.5 -1.8
v 0.8 0.5 -1.9
v 0.8 0.6 -1.8
v 0.8 0.6 -1.9
v 0.9 0.4 1.1
v 0.9 0.4 0.9
v 0.9 0.4 0.3
v 0.9 0.4 0.2
v 0.9 0.4 -0.4
v 0.9 0.4 -0.5
v 0.9 0.4 -0.6
v 0.9 0.4 -0.7
v 0.9 0.4 -0.8
v 0.9 0.4 -0.9
v 0.9 0.5 1
v 0.9 0.5 0.9
v 0.9 0.5 0.3
v 0.9 0.5 0.2
v 0.9 0.5 -0.4
v 0.9 0.5 -0.6
v 0.9 0.5 -0.7
v 0.9 0.5 -0.8
v 0.9 0.6 -0.4
v 0.9 0.6 -0.5
v 0.9 0.6 -0.8
v 0.9 0.6 -0.9
v 0.9 0.7 1.1
v 0.9 0.7 1
v 1 0.4 1.7
v 1 0.4 1.6
v 1 0.4 1.4
v 1 0.4 1.3
v 1 0.4 0.6
v 1 0.4 0.4
v 1 0.4 -0.1
v 1 0.4 -0.2
v 1 0.4 -0.5
v 1 0.4 -0.6
v 1 0.4 -1
v 1 0.4 -1.1
v 1 0.5 1.7
v 1 0.5 1.6
v 1 0.5 1.3
v 1 0.5 0.6
v 1 0.5 0.5
v 1 0.5 0.4
v 1 0.5 -0.1
v 1 0.5 -0.2
v 1 0.5 -0.6
v 1 0.5 -0.7
v 1 0.5 -1
v 1 0.5 -1.1
v 1 0.6 0.5
v 1 0.6 0.4
v 1 0.6 -0.5
v 1 0.6 -0.6
v 1 0.6 -0.7
v 1 0.7 1.4
v 1 0.7 1.3
v 1 0.7 -0.5
v 1 0.7 -0.6
v 1.1 0.4 1.9
v 1.1 0.4 1.8
v 1.1 0.4 1.3
v 1.1 0.4 1.2
v 1.1 0.4 1
v 1.1 0.4 0.9
v 1.1 0.4 0.3
v 1.1 0.4 0.0999999
v 1.1 0.4 -0.7
v 1.1 0.4 -0.9
v 1.1 0.4 -1.3
v 1.1 0.4 -1.4
v 1.1 0.4 -1.5
v 1.1 0.4 -1.6
v 1.1 0.4 -1.8
v 1.1 0.4 -1.9
v 1.1 0.5 1.9
v 1.1 0.5 1.8
v 1.1 0.5 1.3
v 1.1 0.5 1.2
v 1.1 0.5 1
v 1.1 0.5 0.9
v 1.1 0.5 0.3
v 1.1 0.5 0.2
v 1.1 0.5 -0.8
v 1.1 0.5 -0.9
v 1.1 0.5 -1.3
v 1.1 0.5 -1.4
v 1.1 0.6 -0.7
v 1.1 0.7 0.2
v 1.1 0.7 0.0999999
v 1.1 0.7 -1.5
v 1.1 0.7 -1.6
v 1.1 0.8 -0.7
v 1.1 0.8 -0.8
v 1.1 0.8 -1.8
v 1.1 0.8 -1.9
v 1.1 0.9 -0.7
v 1.1 0.9 -0.8
v 1.1 0.9 -1.8
v 1.1 0.9 -1.9
v 1.2 0.4 1.6
v 1.2 0.4 1.5
v 1.2 0.4 1.4
v 1.2 0.4 1.3
v 1.2 0.4 1.1
v 1.2 0.4 1
v 1.2 0.4 0.8
v 1.2 0.4 0.7
v 1.2 0.4 0.5
v 1.2 0.4 0.3
v 1.2 0.4 0.0999999
v 1.2 0.4 -0.1
v 1.2 0.4 -0.4
v 1.2 0.4 -0.5
v 1.2 0.4 -0.6
v 1.2 0.4 -0.7
v 1.2 0.4 -0.9
v 1.2 0.4 -1
v 1.2 0.4 -1.6
v 1.2 0.4 -1.7
v 1.2 0.5 1.3
v 1.2 0.5 1
v 1.2 0.5 0.5
v 1.2 0.5 0.3
v 1.2 0.5 0.0999999
v 1.2 0.5 -0.1
v 1.2 0.5 -0.4
v 1.2 0.5 -0.5
v 1.2 0.5 -0.6
v 1.2 0.5 -0.7
v 1.2 0.5 -0.9
v 1.2 0.5 -1.6
v 1.2 0.5 -1.7
v 1.2 0.6 1.6
v 1.2 0.6 1.5
v 1.2 0.6 1.1
v 1.2 0.6 1
v 1.2 0.6 0.8
v 1.2 0.6 0.7
v 1.2 0.6 0.5
v 1.2 0.6 0.4
v 1.2 0.7 -0.9
v 1.2 0.7 -1
v 1.2 0.8 1.4
v 1.2 0.8 1.3
v 1.2 0.8 0.4
v 1.2 0.8 0.3
v 1.2 0.9 1.4
v 1.2 0.9 1.3
v 1.2 0.9 0.4
v 1.2 0.9 0.3
v 1.3 0.4 1.7
v 1.3 0.4 1.6
v 1.3 0.4 1.5
v 1.3 0.4 1.4
v 1.3 0.4 1.2
v 1.3 0.4 1.1
v 1.3 0.4 1
v 1.3 0.4 0.8
v 1.3 0.4 0.7
v 1.3 0.4 0.5
v 1.3 0.4 0.3
v 1.3 0.4 0.2
v 1.3 0.4 -0.3
v 1.3 0.4 -0.4
v 1.3 0.4 -0.5
v 1.3 0.4 -0.6
v 1.3 0.4 -0.8
v 1.3 0.4 -0.9
v 1.3 0.4 -1.5
v 1.3 0.4 -1.6
v 1.3 0.4 -1.7
v 1.3 0.4 -1.8
v 1.3 0.5 1.7
v 1.3 0.5 1.6
v 1.3 0.5 1.5
v 1.3 0.5 1.4
v 1.3 0.5 1.2
v 1.3 0.5 1.1
v 1.3 0.5 1
v 1.3 0.5 0.9
v 1.3 0.5 0.7
v 1.3 0.5 0.6
v 1.3 0.5 0.3
v 1.3 0.5 0.2
v 1.3 0.5 -0.3
v 1.3 0.5 -0.4
v 1.3 0.5 -0.5
v 1.3 0.5 -0.6
v 1.3 0.5 -0.8
v 1.3 0.5 -0.9
v 1.3 0.5 -1.5
v 1.3 0.5 -1.6
v 1.3 0.5 -1.7
v 1.3 0.5 -1.8
v 1.3 0.6 0.9
v 1.3 0.6 0.8
v 1.3 0.6 0.6
v 1.3 0.6 0.5
v 1.3 0.6 -0.5
v 1.3 0.6 -0.6
v 1.3 0.6 -1.7
v 1.3 0.6 -1.8
v 1.3 0.7 0.6
v 1.3 0.7 0.5
v 1.3 0.7 -1.7
v 1.3 0.7 -1.8
v 1.4 0.4 1.1
v 1.4 0.4 1
v 1.4 0.4 0.5
v 1.4 0.4 0.4
v 1.4 0.4 0.0999999
v 1.4 0.4 -2.38419e-07
v 1.4 0.4 -0.2
v 1.4 0.4 -0.3
v 1.4 0.4 -0.7
v 1.4 0.4 -0.8
v 1.4 0.4 -0.9
v 1.4 0.4 -1
v 1.4 0.4 -1.1
v 1.4 0.4 -1.2
v 1.4 0.4 -1.4
v 1.4 0.4 -1.5
v 1.4 0.4 -1.9
v 1.4 0.4 -2
v 1.4 0.5 1.1
v 1.4 0.5 1
v 1.4 0.5 0.5
v 1.4 0.5 0.4
v 1.4 0.5 -0.3
v 1.4 0.5 -0.8
v 1.4 0.5 -0.9
v 1.4 0.5 -1
v 1.4 0.5 -1.1
v 1.4 0.5 -1.2
v 1.4 0.5 -1.5
v 1.4 0.5 -1.9
v 1.4 0.5 -2
v 1.4 0.6 1.4
v 1.4 0.6 1.3
v 1.4 0.6 1
v 1.4 0.6 0.9
v 1.4 0.6 0.8
v 1.4 0.6 0.0999999
v 1.4 0.6 -2.38419e-07
v 1.4 0.6 -0.2
v 1.4 0.6 -0.3
v 1.4 0.6 -0.7
v 1.4 0.6 -0.8
v 1.4 0.6 -1.4
v 1.4 0.6 -1.5
v 1.4 0.7 1.4
v 1.4 0.7 1.3
v 1.4 0.7 1
v 1.4 0.7 0.9
v 1.4 0.7 0.8
v 1.4 0.7 0.0999999
v 1.4 0.7 -2.38419e-07
v 1.4 0.7 -0.7
v 1.4 0.7 -0.8
v 1.5 0.4 0.9
v 1.5 0.4 0.8
v 1.5 0.4 0.3
v 1.5 0.4 0.2
v 1.5 0.4 -0.4
v 1.5 0.4 -0.5
v 1.5 0.4 -0.6
v 1.5 0.4 -0.7
v 1.5 0.4 -1
v 1.5 0.4 -1.1
v 1.5 0.4 -1.5
v 1.5 0.4 -1.6
v 1.5 0.5 0.9
v 1.5 0.5 0.8
v 1.5 0.5 -0.4
v 1.5 0.5 -0.5
v 1.5 0.5 -0.6
v 1.5 0.5 -0.7
v 1.5 0.5 -1
v 1.5 0.5 -1.1
v 1.5 0.5 -1.5
v 1.5 0.5 -1.6
v 1.5 0.6 1.1
v 1.5 0.6 1
v 1.5 0.6 0.8
v 1.5 0.6 0.7
v 1.5 0.6 0.3
v 1.5 0.6 0.2
v 1.5 0.6 -1
v 1.5 0.6 -1.1
v 1.5 0.7 1.1
v 1.5 0.7 1
v 1.5 0.7 0.9
v 1.5 0.7 0.8
v 1.5 0.7 0.7
v 1.5 0.8 1
v 1.5 0.8 0.8
v 1.6 0.4 1.5
v 1.6 0.4 1.4
v 1.6 0.4 1
v 1.6 0.4 0.9
v 1.6 0.4 0.8
v 1.6 0.4 0.7
v 1.6 0.4 0.5
v 1.6 0.4 0.4
v 1.6 0.4 -0.7
v 1.6 0.4 -0.8
v 1.6 0.5 1.5
v 1.6 0.5 1.4
v 1.6 0.5 1.3
v 1.6 0.5 0.9
v 1.6 0.5 0.8
v 1.6 0.5 0.7
v 1.6 0.5 0.5
v 1.6 0.5 0.4
v 1.6 0.5 -0.7
v 1.6 0.5 -0.8
v 1.6 0.6 1.5
v 1.6 0.6 1.4
v 1.6 0.6 1.3
v 1.6 0.6 1.2
v 1.6 0.6 1.1
v 1.6 0.6 1
v 1.6 0.6 0.8
v 1.6 0.6 0.7
v 1.6 0.6 0.6
v 1.6 0.7 1.2
v 1.6 0.7 1.1
v 1.6 0.7 1
v 1.6 0.7 0.8
v 1.6 0.7 0.7
v 1.6 0.7 0.6
v 1.6 0.8 1.1
v 1.6 0.8 1
v 1.6 0.8 0.8
v 1.6 0.8 0.7
v 1.7 0.4 1.1
v 1.7 0.4 1
v 1.7 0.5 1.1
v 1.7 0.5 1
v 1.7 0.5 0.5
v 1.7 0.5 0.4
v 1.7 0.6 0.5
v 1.7 0.6 0.4
v -1.9 0.4 0.9
v -1.9 0.4 0.8
v -1.9 0.4 0.4
v -1.9 0.4 0.3
v -1.9 0.5 0.9
v -1.9 0.5 0.8
v -1.9 0.5 0.4
v -1.9 0.6 0.4
v -1.9 0.6 0.3
v -1.9 0.6 -0.4
v -1.9 0.6 -0.5
v -1.9 0.7 -0.4
v -1.9 0.7 -0.5
v -1.9 2.1 -0.5
v -1.9 2.1 -0.6
v -1.9 2.3 -0.5
v -1.9 2.3 -0.6
v -1.8 0.4 1.3
v -1.8 0.4 1.2
v -1.8 0.4 1
v -1.8 0.4 0.9
v -1.8 0.4 0.7
v -1.8 0.4 0.6
v -1.8 0.4 0.5
v -1.8 0.4 0.4
v -1.8 0.4 -0.2
v -1.8 0.4 -0.3
v -1.8 0.5 1.3
v -1.8 0.5 1.2
v -1.8 0.5 1
v -1.8 0.5 0.9
v -1.8 0.5 0.7
v -1.8 0.5 0.6
v -1.8 0.5 0.5
v -1.8 0.5 0.4
v -1.8 0.5 0.3
v -1.8 0.5 0.2
v -1.8 0.5 0.0999999
v -1.8 0.5 -2.38419e-07
v -1.8 0.5 -0.2
v -1.8 0.5 -0.3
v -1.8 0.6 0.0999999
v -1.8 0.6 -2.38419e-07
v -1.8 0.8 0.3
v -1.8 0.8 0.2
v -1.8 0.9 -0.4
v -1.8 0.9 -0.5
v -1.8 1.5 -0.4
v -1.8 1.5 -0.5
v -1.8 1.5 -0.6
v -1.8 1.8 -0.5
v -1.8 1.8 -0.6
v -1.8 1.9 -0.4
v -1.8 1.9 -0.5
v -1.8 1.9 -0.6
v -1.8 1.9 -0.7
v -1.8 2.1 -0.4
v -1.8 2.1 -0.5
v -1.8 2.1 -0.6
v -1.8 2.1 -0.7
v -1.7 0.4 1.6
v -1.7 0.4 1.5
v -1.7 0.4 1.2
v -1.7 0.4 1.1
v -1.7 0.4 0.8
v -1.7 0.4 0.7
v -1.7 0.4 0.4
v -1.7 0.4 0.3
v -1.7 0.4 0.0999999
v -1.7 0.4 -2.38419e-07
v -1.7 0.4 -0.3
v -1.7 0.4 -0.4
v -1.7 0.5 1.6
v -1.7 0.5 1.5
v -1.7 0.5 1.2
v -1.7 0.5 1.1
v -1.7 0.5 0.8
v -1.7 0.5 0.6
v -1.7 0.5 0.5
v -1.7 0.5 0.4
v -1.7 0.5 0.3
v -1.7 0.5 0.0999999
v -1.7 0.5 -2.38419e-07
v -1.7 0.5 -0.3
v -1.7 0.5 -0.4
v -1.7 0.5 -0.5
v -1.7 0.6 1.6
v -1.7 0.6 1.5
v -1.7 0.6 0.8
v -1.7 0.6 0.7
v -1.7 0.6 -0.5
v -1.7 0.7 0.6
v -1.7 0.7 0.5
v -1.7 0.9 -0.4
v -1.7 0.9 -0.5
v -1.7 1.9 -0.5
v -1.7 1.9 -0.6
v -1.7 2.2 -0.5
v -1.7 2.2 -0.6
v -1.6 0.4 1.7
v -1.6 0.4 1.6
v -1.6 0.4 1.5
v -1.6 0.4 1.4
v -1.6 0.4 1.3
v -1.6 0.4 1.2
v -1.6 0.4 1
v -1.6 0.4 0.9
v -1.6 0.4 0.8
v -1.6 0.4 0.6
v -1.6 0.4 0.5
v -1.6 0.4 0.3
v -1.6 0.4 0.2
v -1.6 0.4 -0.1
v -1.6 0.4 -0.2
v -1.6 0.4 -0.4
v -1.6 0.4 -0.6
v -1.6 0.4 -0.9
v -1.6 0.4 -1
v -1.6 0.4 -1.2
v -1.6 0.4 -1.3
v -1.6 0.5 1.7
v -1.6 0.5 1.6
v -1.6 0.5 1.5
v -1.6 0.5 1.4
v -1.6 0.5 1.3
v -1.6 0.5 1
v -1.6 0.5 0.9
v -1.6 0.5 0.8
v -1.6 0.5 0.6
v -1.6 0.5 0.5
v -1.6 0.5 -0.1
v -1.6 0.5 -0.2
v -1.6 0.5 -0.4
v -1.6 0.5 -0.5
v -1.6 0.5 -0.6
v -1.6 0.5 -0.8
v -1.6 0.5 -0.9
v -1.6 0.5 -1.3
v -1.6 0.6 1.3
v -1.6 0.6 1.2
v -1.6 0.6 0.3
v -1.6 0.6 0.2
v -1.6 0.6 -0.1
v -1.6 0.6 -0.2
v -1.6 0.6 -0.5
v -1.6 0.6 -0.6
v -1.6 0.6 -0.8
v -1.6 0.6 -0.9
v -1.6 0.6 -1
v -1.6 0.7 1.3
v -1.6 0.7 1.2
v -1.6 0.8 -1.2
v -1.6 0.8 -1.3
v -1.5 0.4 1.4
v -1.5 0.4 1.3
v -1.5 0.4 1.1
v -1.5 0.4 1
v -1.5 0.4 0.8
v -1.5 0.4 0.7
v -1.5 0.4 0.6
v -1.5 0.4 0.5
v -1.5 0.4 0.4
v -1.5 0.4 0.0999999
v -1.5 0.4 -2.38419e-07
v -1.5 0.4 -1.3
v -1.5 0.4 -1.4
v -1.5 0.5 1.4
v -1.5 0.5 1.3
v -1.5 0.5 1.1
v -1.5 0.5 0.8
v -1.5 0.5 0.7
v -1.5 0.5 0.6
v -1.5 0.5 0.5
v -1.5 0.5 0.0999999
v -1.5 0.5 -2.38419e-07
v -1.5 0.5 -0.6
v -1.5 0.5 -0.7
v -1.5 0.5 -1.3
v -1.5 0.5 -1.4
v -1.5 0.6 1.1
v -1.5 0.6 1
v -1.5 0.6 0.8
v -1.5 0.6 0.7
v -1.5 0.6 0.6
v -1.5 0.7 0.5
v -1.5 0.7 0.4
v -1.5 0.7 -0.6
v -1.5 0.7 -0.7
v -1.4 0.4 1.5
v -1.4 0.4 1.4
v -1.4 0.4 1.2
v -1.4 0.4 1.1
v -1.4 0.4 0.3
v -1.4 0.4 0.2
v -1.4 0.4 -2.38419e-07
v -1.4 0.4 -0.2
v -1.4 0.4 -0.3
v -1.4 0.4 -0.6
v -1.4 0.4 -1.2
v -1.4 0.4 -1.3
v -1.4 0.4 -1.4
v -1.4 0.4 -1.5
v -1.4 0.5 1.4
v -1.4 0.5 1.2
v -1.4 0.5 1.1
v -1.4 0.5 0.3
v -1.4 0.5 0.2
v -1.4 0.5 -0.1
v -1.4 0.5 -0.2
v -1.4 0.5 -0.4
v -1.4 0.5 -0.6
v -1.4 0.5 -1.2
v -1.4 0.6 -2.38419e-07
v -1.4 0.6 -0.3
v -1.4 0.6 -0.4
v -1.4 0.6 -0.8
v -1.4 0.6 -0.9
v -1.4 0.6 -1.2
v -1.4 0.6 -1.3
v -1.4 0.7 1.5
v -1.4 0.7 1.4
v -1.4 0.7 -2.38419e-07
v -1.4 0.7 -0.1
v -1.4 0.7 -0.8
v -1.4 0.7 -0.9
v -1.4 0.7 -1.4
v -1.4 0.9 -1.4
v -1.4 0.9 -1.5
v -1.3 0.4 1.4
v -1.3 0.4 1.2
v -1.3 0.4 1
v -1.3 0.4 0.9
v -1.3 0.4 0.8
v -1.3 0.4 0.7
v -1.3 0.4 0.6
v -1.3 0.4 0.4
v -1.3 0.4 0.2
v -1.3 0.4 -2.38419e-07
v -1.3 0.4 -0.2
v -1.3 0.4 -0.3
v -1.3 0.4 -0.6
v -1.3 0.4 -0.7
v -1.3 0.4 -0.9
v -1.3 0.4 -1
v -1.3 0.4 -1.1
v -1.3 0.4 -1.2
v -1.3 0.4 -1.3
v -1.3 0.4 -1.4
v -1.3 0.5 1.4
v -1.3 0.5 1.3
v -1.3 0.5 1
v -1.3 0.5 0.9
v -1.3 0.5 0.8
v -1.3 0.5 0.7
v -1.3 0.5 0.6
v -1.3 0.5 0.4
v -1.3 0.5 0.2
v -1.3 0.5 -2.38419e-07
v -1.3 0.5 -0.6
v -1.3 0.5 -0.7
v -1.3 0.5 -0.9
v -1.3 0.5 -1
v -1.3 0.5 -1.1
v -1.3 0.5 -1.2
v -1.3 0.5 -1.3
v -1.3 0.6 1.2
v -1.3 0.6 0.7
v -1.3 0.6 0.6
v -1.3 0.6 0.0999999
v -1.3 0.6 -2.38419e-07
v -1.3 0.6 -0.2
v -1.3 0.6 -0.3
v -1.3 0.7 -1.3
v -1.3 0.7 -1.4
v -1.3 0.8 1.3
v -1.3 0.8 1.2
v -1.3 0.8 0.2
v -1.3 0.8 0.0999999
v -1.3 0.9 1.3
v -1.3 0.9 1.2
v -1.3 0.9 0.2
v -1.3 0.9 0.0999999
v -1.2 0.4 1.6
v -1.2 0.4 1.5
v -1.2 0.4 1.1
v -1.2 0.4 1
v -1.2 0.4 0.8
v -1.2 0.4 0.7
v -1.2 0.4 0.4
v -1.2 0.4 0.2
v -1.2 0.4 -0.4
v -1.2 0.4 -0.6
v -1.2 0.4 -0.8
v -1.2 0.4 -0.9
v -1.2 0.4 -1
v -1.2 0.4 -1.1
v -1.2 0.4 -1.2
v -1.2 0.4 -1.3
v -1.2 0.4 -1.8
v -1.2 0.4 -1.9
v -1.2 0.5 1.6
v -1.2 0.5 1.5
v -1.2 0.5 1.2
v -1.2 0.5 1.1
v -1.2 0.5 1
v -1.2 0.5 0.8
v -1.2 0.5 0.7
v -1.2 0.5 0.3
v -1.2 0.5 0.2
v -1.2 0.5 -0.4
v -1.2 0.5 -0.5
v -1.2 0.5 -0.6
v -1.2 0.5 -0.8
v -1.2 0.5 -1.2
v -1.2 0.5 -1.3
v -1.2 0.5 -1.8
v -1.2 0.5 -1.9
v -1.2 0.6 1.2
v -1.2 0.6 1.1
v -1.2 0.6 0.4
v -1.2 0.6 0.3
v -1.2 0.6 -0.5
v -1.2 0.6 -0.6
v -1.2 0.6 -1
v -1.2 0.6 -1.1
v -1.2 0.7 1.1
v -1.2 0.7 1
v -1.2 0.7 0.4
v -1.2 0.7 0.3
v -1.2 0.8 -0.8
v -1.2 0.8 -0.9
v -1.2 0.9 -0.8
v -1.2 0.9 -0.9
v -1.1 0.4 1.4
v -1.1 0.4 1.3
v -1.1 0.4 1.2
v -1.1 0.4 1.1
v -1.1 0.4 0.7
v -1.1 0.4 0.6
v -1.1 0.4 0.0999999
v -1.1 0.4 -0.1
v -1.1 0.4 -0.7
v -1.1 0.4 -0.8
v -1.1 0.4 -1.3
v -1.1 0.4 -1.4
v -1.1 0.4 -1.6
v -1.1 0.4 -1.7
v -1.1 0.5 1.4
v -1.1 0.5 1.3
v -1.1 0.5 1.2
v -1.1 0.5 1.1
v -1.1 0.5 0.7
v -1.1 0.5 0.6
v -1.1 0.5 -2.38419e-07
v -1.1 0.5 -0.1
v -1.1 0.5 -0.7
v -1.1 0.5 -0.8
v -1.1 0.5 -1.6
v -1.1 0.6 1.4
v -1.1 0.6 1.3
v -1.1 0.6 0.0999999
v -1.1 0.6 -2.38419e-07
v -1.1 0.6 -1.3
v -1.1 0.6 -1.4
v -1.1 0.6 -1.6
v -1.1 0.6 -1.7
v -1 0.4 1.3
v -1 0.4 1.2
v -1 0.4 1
v -1 0.4 0.9
v -1 0.4 0.3
v -1 0.4 0.2
v -1 0.4 -0.4
v -1 0.4 -0.5
v -1 0.4 -0.8
v -1 0.4 -0.9
v -1 0.4 -1.1
v -1 0.4 -1.2
v -1 0.5 1.3
v -1 0.5 1.2
v -1 0.5 1
v -1 0.5 0.9
v -1 0.5 0.3
v -1 0.5 0.2
v -1 0.5 -0.4
v -1 0.5 -0.5
v -1 0.5 -0.8
v -1 0.5 -1.1
v -1 0.5 -1.2
v -1 0.6 1
v -1 0.6 0.9
v -1 0.7 1
v -1 0.7 0.9
v -1 0.7 -0.8
v -1 0.7 -0.9
v -0.9 0.4 1.1
v -0.9 0.4 1
v -0.9 0.4 0.9
v -0.9 0.4 0.8
v -0.9 0.4 -0.5
v -0.9 0.4 -0.6
v -0.9 0.4 -1.2
v -0.9 0.4 -1.7
v -0.9 0.4 -1.8
v -0.9 0.4 -1.9
v -0.9 0.5 1.1
v -0.9 0.5 1
v -0.9 0.5 0.9
v -0.9 0.5 0.8
v -0.9 0.5 -1.3
v -0.9 0.5 -1.4
v -0.9 0.5 -1.7
v -0.9 0.5 -1.8
v -0.9 0.5 -1.9
v -0.9 0.6 -0.5
v -0.9 0.6 -0.6
v -0.9 0.6 -1.2
v -0.9 0.6 -1.3
v -0.9 0.6 -1.4
v -0.9 0.6 -1.5
v -0.9 0.6 -1.6
v -0.9 0.6 -1.8
v -0.9 0.6 -1.9
v -0.9 0.7 -0.5
v -0.9 0.7 -0.6
v -0.9 0.7 -1.4
v -0.9 0.7 -1.5
v -0.9 0.7 -1.8
v -0.9 0.7 -1.9
v -0.9 0.8 -1.6
v -0.9 0.8 -1.7
v -0.9 0.9 -1.6
v -0.9 0.9 -1.7
v -0.8 0.4 -0.7
v -0.8 0.4 -0.8
v -0.8 0.4 -1.7
v -0.8 0.4 -1.8
v -0.8 0.4 -1.9
v -0.8 0.4 -2
v -0.8 0.5 -0.7
v -0.8 0.5 -0.8
v -0.8 0.5 -1.7
v -0.8 0.5 -1.8
v -0.8 0.5 -1.9
v -0.8 0.5 -2
v -0.7 0.4 -1.5
v -0.7 0.4 -1.6
v -0.7 0.5 -1.5
v -0.7 0.5 -1.6
v -0.6 0.4 -0.8
v -0.6 0.4 -0.9
v -0.6 0.4 -1.4
v -0.6 0.4 -1.5
v -0.6 0.4 -1.6
v -0.6 0.4 -1.7
v -0.6 0.4 -1.8
v -0.6 0.4 -1.9
v -0.6 0.5 -0.8
v -0.6 0.5 -0.9
v -0.6 0.5 -1.4
v -0.6 0.5 -1.5
v -0.6 0.5 -1.6
v -0.6 0.5 -1.7
v -0.6 0.5 -1.8
v -0.6 0.5 -1.9
v -0.6 0.5 -2
v -0.6 0.6 -1.6
v -0.6 0.6 -1.7
v -0.6 0.6 -1.9
v -0.6 0.6 -2
v -0.6 0.7 -1.8
v -0.6 0.7 -1.9
v -0.6 0.7 -2
v -0.5 0.4 -1.7
v -0.5 0.4 -1.8
v -0.5 0.4 -1.9
v -0.5 0.4 -2
v -0.5 0.5 -1.7
v -0.5 0.5 -1.8
v -0.5 0.5 -1.9
v -0.5 0.5 -2
v -0.4 0.4 -1.5
v -0.4 0.4 -1.6
v -0.4 0.5 -1.5
v -0.4 0.5 -1.6
v -0.3 0.4 -1.6
v -0.3 0.4 -1.7
v -0.3 0.5 -1.6
v -0.3 0.5 -1.7
v -0.0999999 0.4 -1.4
v -0.0999999 0.4 -1.5
v -0.0999999 0.4 -1.8
v -0.0999999 0.4 -1.9
v -0.0999999 0.5 -1.4
v -0.0999999 0.5 -1.5
v -0.0999999 0.5 -1.6
v -0.0999999 0.5 -1.8
v -0.0999999 0.5 -1.9
v -0.0999999 0.6 -1.4
v -0.0999999 0.6 -1.6
v 2.38419e-07 0.4 -1
v 2.38419e-07 0.4 -1.2
v 2.38419e-07 0.4 -1.3
v 2.38419e-07 0.4 -1.4
v 2.38419e-07 0.4 -1.7
v 2.38419e-07 0.4 -1.8
v 2.38419e-07 0.5 -1
v 2.38419e-07 0.5 -1.2
v 2.38419e-07 0.5 -1.3
v 2.38419e-07 0.5 -1.4
v 2.38419e-07 0.5 -1.7
v 2.38419e-07 0.5 -1.8
v 0.1 0.4 -1.5
v 0.1 0.4 -1.6
v 0.1 0.5 -1.5
v 0.1 0.5 -1.6
v 0.1 0.7 -1.5
v 0.1 0.7 -1.6
v 0.1 0.8 -1.5
v 0.1 0.8 -1.6
v 0.2 0.4 -1.1
v 0.2 0.4 -1.3
v 0.2 0.4 -1.4
v 0.2 0.4 -1.5
v 0.2 0.4 -1.8
v 0.2 0.4 -1.9
v 0.2 0.5 -1.1
v 0.2 0.5 -1.3
v 0.2 0.5 -1.4
v 0.2 0.5 -1.5
v 0.2 0.5 -1.8
v 0.2 0.5 -1.9
v 0.3 0.4 0.3
v 0.3 0.4 0.2
v 0.3 0.4 -0.1
v 0.3 0.4 -0.5
v 0.3 0.4 -0.6
v 0.3 0.4 -0.9
v 0.3 0.4 -1.6
v 0.3 0.4 -1.7
v 0.3 0.5 0.3
v 0.3 0.5 0.2
v 0.3 0.5 -0.5
v 0.3 0.5 -0.6
v 0.3 0.5 -1.6
v 0.3 0.5 -1.7
v 0.3 0.6 0.3
v 0.3 0.6 0.2
v 0.3 0.6 -0.5
v 0.3 0.6 -0.6
v 0.3 0.6 -1.6
v 0.3 0.6 -1.7
v 0.3 1 0.3
v 0.3 1 -0.1
v 0.3 1 -0.5
v 0.3 1 -0.9
v 0.3 1.2 -0.2
v 0.3 1.2 -0.3
v 0.3 1.3 -0.2
v 0.3 1.3 -0.3
v 0.3 1.4 -0.2
v 0.3 1.4 -0.3
v 0.3 1.8 -0.3
v 0.3 1.8 -0.4
v 0.3 1.9 -0.3
v 0.3 1.9 -0.4
v 0.3 2.3 0.0999999
v 0.3 2.3 -0.1
v 0.3 2.3 -0.5
v 0.3 2.3 -0.7
v 0.3 3.1 0.0999999
v 0.3 3.1 -0.7
v 0.4 0.4 -1.2
v 0.4 0.4 -1.4
v 0.4 0.5 -1.2
v 0.4 0.5 -1.3
v 0.4 0.7 -1.3
v 0.4 0.7 -1.4
v 0.5 0.4 -1.5
v 0.5 0.4 -1.6
v 0.5 0.5 -1.5
v 0.5 0.5 -1.6
v 0.6 0.4 -1.7
v 0.6 0.4 -1.8
v 0.6 0.5 -1.7
v 0.6 0.5 -1.8
v 0.7 0.4 -1.3
v 0.7 0.4 -1.4
v 0.7 0.5 -1.4
v 0.7 0.6 -1.3
v 0.7 0.6 -1.4
v 0.8 0.4 -1.4
v 0.8 0.4 -1.5
v 0.8 0.4 -1.9
v 0.8 0.4 -2
v 0.8 0.5 -1.4
v 0.8 0.5 -1.5
v 0.8 0.5 -1.9
v 0.8 0.5 -2
v 0.9 0.4 -0.3
v 0.9 0.4 -0.4
v 0.9 0.4 -0.7
v 0.9 0.4 -0.8
v 0.9 0.4 -1.2
v 0.9 0.4 -1.3
v 0.9 0.4 -1.5
v 0.9 0.4 -1.6
v 0.9 0.4 -1.7
v 0.9 0.4 -1.9
v 0.9 0.5 -0.3
v 0.9 0.5 -0.4
v 0.9 0.5 -0.7
v 0.9 0.5 -0.8
v 0.9 0.5 -1.2
v 0.9 0.5 -1.3
v 0.9 0.5 -1.5
v 0.9 0.5 -1.6
v 0.9 0.5 -1.7
v 0.9 0.5 -1.8
v 0.9 0.6 -1.8
v 0.9 0.6 -1.9
v 1 0.4 1.3
v 1 0.4 1.2
v 1 0.4 1
v 1 0.4 0.9
v 1 0.4 0.3
v 1 0.4 0.2
v 1 0.4 -0.8
v 1 0.4 -0.9
v 1 0.5 1.3
v 1 0.5 1.2
v 1 0.5 1
v 1 0.5 0.9
v 1 0.5 0.3
v 1 0.5 0.2
v 1 0.5 -0.4
v 1 0.5 -0.5
v 1 0.6 -0.4
v 1 0.6 -0.5
v 1 0.6 -0.8
v 1 0.6 -0.9
v 1.1 0.4 1.7
v 1.1 0.4 1.6
v 1.1 0.4 1.4
v 1.1 0.4 1.3
v 1.1 0.4 1.1
v 1.1 0.4 1
v 1.1 0.4 0.5
v 1.1 0.4 0.4
v 1.1 0.4 -0.1
v 1.1 0.4 -0.2
v 1.1 0.4 -0.4
v 1.1 0.4 -0.7
v 1.1 0.4 -1
v 1.1 0.4 -1.1
v 1.1 0.5 1.7
v 1.1 0.5 1.6
v 1.1 0.5 1.3
v 1.1 0.5 1
v 1.1 0.5 0.5
v 1.1 0.5 0.4
v 1.1 0.5 -0.1
v 1.1 0.5 -0.2
v 1.1 0.5 -0.4
v 1.1 0.5 -0.5
v 1.1 0.5 -1
v 1.1 0.5 -1.1
v 1.1 0.6 1.1
v 1.1 0.6 1
v 1.1 0.6 0.5
v 1.1 0.6 0.4
v 1.1 0.6 -0.5
v 1.1 0.6 -0.6
v 1.1 0.6 -0.7
v 1.1 0.7 1.4
v 1.1 0.7 1.3
v 1.1 0.7 1.1
v 1.1 0.7 1
v 1.1 0.7 -0.5
v 1.1 0.7 -0.6
v 1.2 0.4 1.9
v 1.2 0.4 1.8
v 1.2 0.4 1.3
v 1.2 0.4 1.2
v 1.2 0.4 1
v 1.2 0.4 0.9
v 1.2 0.4 0.6
v 1.2 0.4 0.5
v 1.2 0.4 0.3
v 1.2 0.4 0.0999999
v 1.2 0.4 -0.7
v 1.2 0.4 -0.9
v 1.2 0.4 -1.3
v 1.2 0.4 -1.4
v 1.2 0.4 -1.5
v 1.2 0.4 -1.6
v 1.2 0.5 1.9
v 1.2 0.5 1.8
v 1.2 0.5 1.3
v 1.2 0.5 1.2
v 1.2 0.5 1
v 1.2 0.5 0.9
v 1.2 0.5 0.6
v 1.2 0.5 0.5
v 1.2 0.5 0.3
v 1.2 0.5 0.2
v 1.2 0.5 0.0999999
v 1.2 0.5 -0.7
v 1.2 0.5 -0.8
v 1.2 0.5 -0.9
v 1.2 0.5 -1.3
v 1.2 0.5 -1.4
v 1.2 0.5 -1.6
v 1.2 0.5 -1.8
v 1.2 0.5 -1.9
v 1.2 0.7 0.2
v 1.2 0.7 0.0999999
v 1.2 0.7 -1.5
v 1.2 0.7 -1.6
v 1.2 0.8 -0.7
v 1.2 0.8 -0.8
v 1.2 0.8 -1.8
v 1.2 0.8 -1.9
v 1.2 0.9 -0.7
v 1.2 0.9 -0.8
v 1.2 0.9 -1.8
v 1.2 0.9 -1.9
v 1.3 0.4 1.1
v 1.3 0.4 1
v 1.3 0.4 0.5
v 1.3 0.4 0.3
v 1.3 0.4 0.0999999
v 1.3 0.4 -0.1
v 1.3 0.4 -0.4
v 1.3 0.4 -0.5
v 1.3 0.4 -0.6
v 1.3 0.4 -0.7
v 1.3 0.4 -0.9
v 1.3 0.4 -1
v 1.3 0.4 -1.6
v 1.3 0.4 -1.7
v 1.3 0.4 -1.8
v 1.3 0.4 -1.9
v 1.3 0.5 1.6
v 1.3 0.5 1.5
v 1.3 0.5 1.1
v 1.3 0.5 1
v 1.3 0.5 0.3
v 1.3 0.5 0.0999999
v 1.3 0.5 -0.1
v 1.3 0.5 -0.4
v 1.3 0.5 -0.5
v 1.3 0.5 -0.6
v 1.3 0.5 -0.7
v 1.3 0.5 -0.9
v 1.3 0.5 -1.6
v 1.3 0.5 -1.7
v 1.3 0.5 -1.8
v 1.3 0.5 -1.9
v 1.3 0.6 1.6
v 1.3 0.6 1.5
v 1.3 0.6 1.4
v 1.3 0.6 1.3
v 1.3 0.6 1.1
v 1.3 0.6 1
v 1.3 0.6 0.5
v 1.3 0.6 0.4
v 1.3 0.7 -0.9
v 1.3 0.7 -1
v 1.3 0.8 1.4
v 1.3 0.8 1.3
v 1.3 0.8 0.4
v 1.3 0.8 0.3
v 1.3 0.9 1.4
v 1.3 0.9 1.3
v 1.3 0.9 0.4
v 1.3 0.9 0.3
v 1.4 0.4 1.7
v 1.4 0.4 1.6
v 1.4 0.4 1.4
v 1.4 0.4 1.2
v 1.4 0.4 1.1
v 1.4 0.4 1
v 1.4 0.4 0.5
v 1.4 0.4 0.3
v 1.4 0.4 0.2
v 1.4 0.4 -0.3
v 1.4 0.4 -0.4
v 1.4 0.4 -0.5
v 1.4 0.4 -0.6
v 1.4 0.4 -0.8
v 1.4 0.4 -0.9
v 1.4 0.4 -1.5
v 1.4 0.4 -1.6
v 1.4 0.4 -1.7
v 1.4 0.4 -1.8
v 1.4 0.5 1.7
v 1.4 0.5 1.6
v 1.4 0.5 1.4
v 1.4 0.5 1.2
v 1.4 0.5 1.1
v 1.4 0.5 1
v 1.4 0.5 0.9
v 1.4 0.5 0.7
v 1.4 0.5 0.6
v 1.4 0.5 0.5
v 1.4 0.5 0.3
v 1.4 0.5 0.2
v 1.4 0.5 -0.3
v 1.4 0.5 -0.4
v 1.4 0.5 -0.8
v 1.4 0.5 -0.9
v 1.4 0.5 -1.5
v 1.4 0.5 -1.6
v 1.4 0.6 0.9
v 1.4 0.6 0.8
v 1.4 0.6 0.7
v 1.4 0.6 0.6
v 1.4 0.6 0.5
v 1.4 0.6 -0.5
v 1.4 0.6 -0.6
v 1.4 0.6 -1.7
v 1.4 0.6 -1.8
v 1.4 0.7 0.6
v 1.4 0.7 0.5
v 1.4 0.7 -1.7
v 1.4 0.7 -1.8
v 1.5 0.4 1.1
v 1.5 0.4 1
v 1.5 0.4 0.5
v 1.5 0.4 0.4
v 1.5 0.4 -0.2
v 1.5 0.4 -0.3
v 1.5 0.4 -0.7
v 1.5 0.4 -0.8
v 1.5 0.4 -0.9
v 1.5 0.4 -1
v 1.5 0.4 -1.1
v 1.5 0.4 -1.2
v 1.5 0.4 -1.4
v 1.5 0.4 -1.5
v 1.5 0.4 -1.9
v 1.5 0.4 -2
v 1.5 0.5 1.4
v 1.5 0.5 1.3
v 1.5 0.5 1.1
v 1.5 0.5 1
v 1.5 0.5 0.5
v 1.5 0.5 0.4
v 1.5 0.5 0.0999999
v 1.5 0.5 -2.38419e-07
v 1.5 0.5 -0.7
v 1.5 0.5 -0.9
v 1.5 0.5 -1
v 1.5 0.5 -1.1
v 1.5 0.5 -1.2
v 1.5 0.5 -1.5
v 1.5 0.5 -1.9
v 1.5 0.5 -2
v 1.5 0.6 0.0999999
v 1.5 0.6 -2.38419e-07
v 1.5 0.6 -0.2
v 1.5 0.6 -0.3
v 1.5 0.6 -0.7
v 1.5 0.6 -0.8
v 1.5 0.6 -1.4
v 1.5 0.6 -1.5
v 1.5 0.7 1.4
v 1.5 0.7 1.3
v 1.5 0.7 0.0999999
v 1.5 0.7 -2.38419e-07
v 1.5 0.7 -0.7
v 1.5 0.7 -0.8
v 1.6 0.4 0.0999999
v 1.6 0.4 -2.38419e-07
v 1.6 0.4 -0.4
v 1.6 0.4 -0.5
v 1.6 0.4 -0.6
v 1.6 0.4 -0.7
v 1.6 0.4 -1
v 1.6 0.4 -1.1
v 1.6 0.4 -1.5
v 1.6 0.4 -1.6
v 1.6 0.5 0.3
v 1.6 0.5 0.2
v 1.6 0.5 0.0999999
v 1.6 0.5 -2.38419e-07
v 1.6 0.5 -0.4
v 1.6 0.5 -0.5
v 1.6 0.5 -0.6
v 1.6 0.5 -0.7
v 1.6 0.5 -1.5
v 1.6 0.5 -1.6
v 1.6 0.6 0.3
v 1.6 0.6 0.2
v 1.6 0.6 -1
v 1.6 0.6 -1.1
v 1.7 0.4 1.4
v 1.7 0.4 1.3
v 1.7 0.4 0.3
v 1.7 0.4 0.2
v 1.7 0.4 -0.7
v 1.7 0.4 -0.8
v 1.7 0.5 1.5
v 1.7 0.5 1.4
v 1.7 0.5 0.3
v 1.7 0.5 0.2
v 1.7 0.5 -0.7
v 1.7 0.5 -0.8
v 1.7 0.6 1.5
v 1.7 0.6 1.4
v 1.7 0.6 1.3
v 1.8 0.4 1.5
v 1.8 0.4 1.4
v 1.8 0.4 1.1
v 1.8 0.4 1
v 1.8 0.4 0.8
v 1.8 0.4 0.7
v 1.8 0.4 0.5
v 1.8 0.4 0.4
v 1.8 0.5 1.5
v 1.8 0.5 1.4
v 1.8 0.5 1.1
v 1.8 0.5 1
v 1.8 0.5 0.8
v 1.8 0.5 0.7
v 1.8 0.6 1.2
v 1.8 0.6 1.1
v 1.8 0.6 1
v 1.8 0.6 0.8
v 1.8 0.6 0.7
v 1.8 0.6 0.6
v 1.8 0.6 0.5
v 1.8 0.6 0.4
v 1.8 0.7 1.2
v 1.8 0.7 1.1
v 1.8 0.7 1
v 1.8 0.7 0.8
v 1.8 0.7 0.7
v 1.8 0.7 0.6
v 1.8 0.8 1.1
v 1.8 0.8 1
v 1.8 0.8 0.8
v 1.8 0.8 0.7
v 1.9 0.4 1
v 1.9 0.4 0.8
v 1.9 0.5 1
v 1.9 0.5 0.8
v 1.9 0.6 1.1
v 1.9 0.6 1
v 1.9 0.6 0.8
v 1.9 0.6 0.7
v 1.9 0.7 1.1
v 1.9 0.7 1
v 1.9 0.7 0.9
v 1.9 0.7 0.8
v 1.9 0.7 0.7
v 1.9 0.8 1
v 1.9 0.8 0.9
v 1.9 0.8 0.8
v 2 0 2
v 2 0 -2
v 2 0.3 2
v 2 0.3 -2
v 2 0.4 2
v 2 0.4 -2
v 2 0.6 1
v 2 0.6 0.8
v 2 0.7 1
v 2 0.7 0.8
v -2 0 2
v -2 0.3 2
v -2 0.4 2
v 2 0 2
v 2 0.3 2
v 2 0.4 2
v 1.1 0.4 1.9
v 1.1 0.5 1.9
v 1.2 0.4 1.9
v 1.2 0.5 1.9
v -1.7 0.4 1.7
v -1.7 0.5 1.7
v -1.6 0.4 1.7
v -1.6 0.5 1.7
v 1 0.4 1.7
v 1 0.5 1.7
v 1.1 0.4 1.7
v 1.1 0.5 1.7
v 1.3 0.4 1.7
v 1.3 0.5 1.7
v 1.4 0.4 1.7
v 1.4 0.5 1.7
v -1.8 0.4 1.6
v -1.8 0.6 1.6
v -1.7 0.4 1.6
v -1.7 0.5 1.6
v -1.7 0.6 1.6
v -1.3 0.4 1.6
v -1.3 0.5 1.6
v -1.2 0.4 1.6
v -1.2 0.5 1.6
v 1.2 0.4 1.6
v 1.2 0.6 1.6
v 1.3 0.4 1.6
v 1.3 0.5 1.6
v 1.3 0.6 1.6
v -1.7 0.4 1.5
v -1.7 0.5 1.5
v -1.6 0.4 1.5
v -1.6 0.5 1.5
v -1.5 0.4 1.5
v -1.5 0.7 1.5
v -1.4 0.4 1.5
v -1.4 0.7 1.5
v 1.6 0.4 1.5
v 1.6 0.5 1.5
v 1.6 0.6 1.5
v 1.7 0.5 1.5
v 1.7 0.6 1.5
v 1.8 0.4 1.5
v 1.8 0.5 1.5
v -1.6 0.4 1.4
v -1.6 0.5 1.4
v -1.5 0.4 1.4
v -1.5 0.5 1.4
v -1.4 0.4 1.4
v -1.4 0.5 1.4
v -1.3 0.4 1.4
v -1.3 0.5 1.4
v -1.2 0.4 1.4
v -1.2 0.5 1.4
v -1.2 0.6 1.4
v -1.1 0.4 1.4
v -1.1 0.5 1.4
v -1.1 0.6 1.4
v 1 0.4 1.4
v 1 0.7 1.4
v 1.1 0.4 1.4
v 1.1 0.7 1.4
v 1.2 0.4 1.4
v 1.2 0.8 1.4
v 1.2 0.9 1.4
v 1.3 0.4 1.4
v 1.3 0.5 1.4
v 1.3 0.6 1.4
v 1.3 0.8 1.4
v 1.3 0.9 1.4
v 1.4 0.4 1.4
v 1.4 0.5 1.4
v 1.4 0.6 1.4
v 1.4 0.7 1.4
v 1.5 0.5 1.4
v 1.5 0.7 1.4
v 1.6 0.4 1.4
v 1.6 0.5 1.4
v -1.9 0.4 1.3
v -1.9 0.5 1.3
v -1.8 0.4 1.3
v -1.8 0.5 1.3
v -1.7 0.4 1.3
v -1.7 0.6 1.3
v -1.7 0.7 1.3
v -1.6 0.4 1.3
v -1.6 0.5 1.3
v -1.6 0.6 1.3
v -1.6 0.7 1.3
v -1.4 0.5 1.3
v -1.4 0.8 1.3
v -1.4 0.9 1.3
v -1.3 0.5 1.3
v -1.3 0.8 1.3
v -1.3 0.9 1.3
v -1.1 0.4 1.3
v -1.1 0.5 1.3
v -1 0.4 1.3
v -1 0.5 1.3
v 0.8 0.4 1.3
v 0.8 0.5 1.3
v 0.9 0.4 1.3
v 0.9 0.5 1.3
v 1 0.4 1.3
v 1 0.5 1.3
v 1.1 0.4 1.3
v 1.1 0.5 1.3
v 1.2 0.4 1.3
v 1.2 0.5 1.3
v -1.8 0.4 1.2
v -1.8 0.5 1.2
v -1.7 0.4 1.2
v -1.7 0.5 1.2
v -1.5 0.4 1.2
v -1.5 0.5 1.2
v -1.4 0.4 1.2
v -1.4 0.5 1.2
v -1.3 0.4 1.2
v -1.3 0.6 1.2
v -1.2 0.5 1.2
v -1.2 0.6 1.2
v -1.1 0.4 1.2
v -1.1 0.5 1.2
v 1.3 0.4 1.2
v 1.3 0.5 1.2
v 1.4 0.4 1.2
v 1.4 0.5 1.2
v 1.6 0.6 1.2
v 1.6 0.7 1.2
v 1.7 0.6 1.2
v 1.7 0.7 1.2
v 1.8 0.6 1.2
v 1.8 0.7 1.2
v -1.6 0.4 1.1
v -1.6 0.6 1.1
v -1.5 0.4 1.1
v -1.5 0.5 1.1
v -1.5 0.6 1.1
v -1.3 0.6 1.1
v -1.3 0.7 1.1
v -1.2 0.6 1.1
v -1.2 0.7 1.1
v -1 0.4 1.1
v -1 0.5 1.1
v -0.9 0.4 1.1
v -0.9 0.5 1.1
v 0.9 0.4 1.1
v 0.9 0.7 1.1
v 1 0.6 1.1
v 1 0.7 1.1
v 1.1 0.4 1.1
v 1.1 0.6 1.1
v 1.1 0.7 1.1
v 1.2 0.4 1.1
v 1.2 0.6 1.1
v 1.3 0.4 1.1
v 1.3 0.5 1.1
v 1.3 0.6 1.1
v 1.4 0.4 1.1
v 1.4 0.5 1.1
v 1.5 0.4 1.1
v 1.5 0.5 1.1
v 1.5 0.6 1.1
v 1.5 0.7 1.1
v 1.6 0.6 1.1
v 1.6 0.7 1.1
v 1.6 0.8 1.1
v 1.7 0.4 1.1
v 1.7 0.5 1.1
v 1.7 0.7 1.1
v 1.8 0.4 1.1
v 1.8 0.5 1.1
v 1.8 0.6 1.1
v 1.8 0.7 1.1
v 1.8 0.8 1.1
v 1.9 0.6 1.1
v 1.9 0.7 1.1
v -1.9 0.4 1
v -1.9 0.5 1
v -1.8 0.4 1
v -1.8 0.5 1
v -1.7 0.4 1
v -1.7 0.5 1
v -1.6 0.4 1
v -1.6 0.5 1
v -1.4 0.4 1
v -1.4 0.5 1
v -1.3 0.4 1
v -1.3 0.5 1
v -1.2 0.4 1
v -1.2 0.5 1
v -1.1 0.5 1
v -1.1 0.6 1
v -1.1 0.7 1
v -1 0.4 1
v -1 0.5 1
v -1 0.6 1
v -1 0.7 1
v 1.1 0.4 1
v 1.1 0.5 1
v 1.2 0.4 1
v 1.2 0.5 1
v 1.3 0.4 1
v 1.3 0.5 1
v 1.4 0.4 1
v 1.4 0.5 1
v 1.4 0.6 1
v 1.4 0.7 1
v 1.5 0.6 1
v 1.5 0.7 1
v 1.5 0.8 1
v 1.6 0.4 1
v 1.6 0.6 1
v 1.6 0.7 1
v 1.6 0.8 1
v 1.7 0.4 1
v 1.7 0.5 1
v 1.8 0.4 1
v 1.8 0.5 1
v 1.8 0.6 1
v 1.8 0.7 1
v 1.8 0.8 1
v 1.9 0.4 1
v 1.9 0.5 1
v 1.9 0.6 1
v 1.9 0.7 1
v 1.9 0.8 1
v 2 0.6 1
v 2 0.7 1
v -2 0.4 0.9
v -2 0.5 0.9
v -1.9 0.4 0.9
v -1.9 0.5 0.9
v -1.5 0.4 0.9
v -1.5 0.5 0.9
v -1.4 0.4 0.9
v -1.4 0.5 0.9
v -1 0.4 0.9
v -1 0.5 0.9
v -0.9 0.4 0.9
v -0.9 0.5 0.9
v 1.3 0.5 0.9
v 1.3 0.6 0.9
v 1.4 0.5 0.9
v 1.4 0.6 0.9
v 1.5 0.4 0.9
v 1.5 0.5 0.9
v 1.6 0.4 0.9
v 1.6 0.5 0.9
v -1.8 0.4 0.8
v -1.8 0.6 0.8
v -1.7 0.4 0.8
v -1.7 0.5 0.8
v -1.7 0.6 0.8
v -1.6 0.4 0.8
v -1.6 0.5 0.8
v -1.6 0.6 0.8
v -1.5 0.4 0.8
v -1.5 0.5 0.8
v -1.5 0.6 0.8
v -1.3 0.4 0.8
v -1.3 0.5 0.8
v -1.2 0.4 0.8
v -1.2 0.5 0.8
v 1.2 0.4 0.8
v 1.2 0.6 0.8
v 1.3 0.4 0.8
v 1.3 0.6 0.8
v -1.9 0.4 0.7
v -1.9 0.5 0.7
v -1.8 0.4 0.7
v -1.8 0.5 0.7
v -1.4 0.4 0.7
v -1.4 0.6 0.7
v -1.3 0.4 0.7
v -1.3 0.5 0.7
v -1.3 0.6 0.7
v -1.2 0.4 0.7
v -1.2 0.5 0.7
v -1.1 0.4 0.7
v -1.1 0.5 0.7
v -1.8 0.4 0.6
v -1.8 0.5 0.6
v -1.8 0.7 0.6
v -1.7 0.5 0.6
v -1.7 0.7 0.6
v -1.6 0.4 0.6
v -1.6 0.5 0.6
v -1.5 0.4 0.6
v -1.5 0.5 0.6
v -1.4 0.4 0.6
v -1.4 0.5 0.6
v 1 0.4 0.6
v 1 0.5 0.6
v 1.2 0.4 0.6
v 1.2 0.5 0.6
v 1.3 0.5 0.6
v 1.3 0.6 0.6
v 1.3 0.7 0.6
v 1.4 0.5 0.6
v 1.4 0.6 0.6
v 1.4 0.7 0.6
v -1.9 0.4 0.5
v -1.9 0.5 0.5
v -1.8 0.4 0.5
v -1.8 0.5 0.5
v -1.6 0.4 0.5
v -1.6 0.5 0.5
v -1.6 0.7 0.5
v -1.5 0.4 0.5
v -1.5 0.5 0.5
v -1.5 0.7 0.5
v 1 0.5 0.5
v 1 0.6 0.5
v 1.1 0.5 0.5
v 1.1 0.6 0.5
v 1.2 0.4 0.5
v 1.2 0.5 0.5
v 1.2 0.6 0.5
v 1.3 0.4 0.5
v 1.3 0.6 0.5
v 1.4 0.4 0.5
v 1.4 0.5 0.5
v 1.5 0.4 0.5
v 1.5 0.5 0.5
v 1.6 0.4 0.5
v 1.6 0.5 0.5
v 1.7 0.5 0.5
v 1.7 0.6 0.5
v 1.8 0.4 0.5
v 1.8 0.6 0.5
v -2 0.4 0.4
v -2 0.6 0.4
v -1.9 0.4 0.4
v -1.9 0.5 0.4
v -1.9 0.6 0.4
v -1.8 0.4 0.4
v -1.8 0.5 0.4
v -1.7 0.4 0.4
v -1.7 0.5 0.4
v -1.3 0.4 0.4
v -1.3 0.5 0.4
v -1.3 0.6 0.4
v -1.3 0.7 0.4
v -1.2 0.4 0.4
v -1.2 0.6 0.4
v -1.2 0.7 0.4
v 1.2 0.6 0.4
v 1.2 0.8 0.4
v 1.2 0.9 0.4
v 1.3 0.6 0.4
v 1.3 0.8 0.4
v 1.3 0.9 0.4
v -1.9 0.4 0.3
v -1.9 0.6 0.3
v -1.9 0.8 0.3
v -1.8 0.4 0.3
v -1.8 0.5 0.3
v -1.8 0.8 0.3
v -1.7 0.4 0.3
v -1.7 0.5 0.3
v -1.7 0.6 0.3
v -1.6 0.4 0.3
v -1.6 0.6 0.3
v -1.5 0.4 0.3
v -1.5 0.5 0.3
v -1.4 0.4 0.3
v -1.4 0.5 0.3
v -1.1 0.4 0.3
v -1.1 0.5 0.3
v -1 0.4 0.3
v -1 0.5 0.3
v -0.5 0.4 0.3
v -0.5 0.5 0.3
v -0.5 0.6 0.3
v -0.5 1 0.3
v -0.4 0.4 0.3
v -0.4 0.5 0.3
v -0.4 0.6 0.3
v -0.3 0.4 0.3
v -0.3 0.5 0.3
v -0.3 0.6 0.3
v -0.2 0.4 0.3
v -0.2 0.5 0.3
v -0.2 0.6 0.3
v -0.0999999 0.4 0.3
v -0.0999999 0.5 0.3
v -0.0999999 0.6 0.3
v 2.38419e-07 0.4 0.3
v 2.38419e-07 0.5 0.3
v 2.38419e-07 0.6 0.3
v 0.1 0.4 0.3
v 0.1 0.5 0.3
v 0.1 0.6 0.3
v 0.2 0.4 0.3
v 0.2 0.5 0.3
v 0.2 0.6 0.3
v 0.3 0.4 0.3
v 0.3 0.5 0.3
v 0.3 0.6 0.3
v 0.3 1 0.3
v 0.9 0.4 0.3
v 0.9 0.5 0.3
v 1 0.4 0.3
v 1 0.5 0.3
v 1.1 0.4 0.3
v 1.1 0.5 0.3
v 1.2 0.4 0.3
v 1.2 0.5 0.3
v 1.3 0.4 0.3
v 1.3 0.5 0.3
v 1.4 0.4 0.3
v 1.4 0.5 0.3
v 1.5 0.4 0.3
v 1.5 0.6 0.3
v 1.6 0.5 0.3
v 1.6 0.6 0.3
v 1.7 0.4 0.3
v 1.7 0.5 0.3
v -1.4 0.4 0.2
v -1.4 0.5 0.2
v -1.4 0.8 0.2
v -1.4 0.9 0.2
v -1.3 0.4 0.2
v -1.3 0.5 0.2
v -1.3 0.8 0.2
v -1.3 0.9 0.2
v 1.1 0.5 0.2
v 1.1 0.7 0.2
v 1.2 0.5 0.2
v 1.2 0.7 0.2
v -1.9 0.4 0.0999999
v -1.9 0.5 0.0999999
v -1.9 0.6 0.0999999
v -1.8 0.5 0.0999999
v -1.8 0.6 0.0999999
v -1.7 0.4 0.0999999
v -1.7 0.5 0.0999999
v -1.6 0.4 0.0999999
v -1.6 0.5 0.0999999
v -1.5 0.4 0.0999999
v -1.5 0.5 0.0999999
v -1.2 0.4 0.0999999
v -1.2 0.6 0.0999999
v -1.1 0.4 0.0999999
v -1.1 0.6 0.0999999
v -0.5 2.3 0.0999999
v -0.5 3.1 0.0999999
v -0.4 2.7 0.0999999
v -0.4 2.9 0.0999999
v -0.3 2.3 0.0999999
v -0.3 2.5 0.0999999
v -0.3 2.6 0.0999999
v -0.3 2.7 0.0999999
v -0.3 2.8 0.0999999
v -0.2 2.3 0.0999999
v -0.2 2.4 0.0999999
v -0.2 2.5 0.0999999
v -0.2 2.6 0.0999999
v -0.2 2.7 0.0999999
v -0.2 2.8 0.0999999
v -0.2 2.9 0.0999999
v 2.38419e-07 2.3 0.0999999
v 2.38419e-07 2.4 0.0999999
v 2.38419e-07 2.5 0.0999999
v 2.38419e-07 2.6 0.0999999
v 2.38419e-07 2.7 0.0999999
v 2.38419e-07 2.8 0.0999999
v 2.38419e-07 2.9 0.0999999
v 0.1 2.3 0.0999999
v 0.1 2.5 0.0999999
v 0.1 2.6 0.0999999
v 0.1 2.7 0.0999999
v 0.1 2.8 0.0999999
v 0.2 2.7 0.0999999
v 0.2 2.9 0.0999999
v 0.3 2.3 0.0999999
v 0.3 3.1 0.0999999
v 1.2 0.4 0.0999999
v 1.2 0.5 0.0999999
v 1.3 0.4 0.0999999
v 1.3 0.5 0.0999999
v 1.4 0.4 0.0999999
v 1.4 0.6 0.0999999
v 1.4 0.7 0.0999999
v 1.5 0.5 0.0999999
v 1.5 0.6 0.0999999
v 1.5 0.7 0.0999999
v 1.6 0.4 0.0999999
v 1.6 0.5 0.0999999
v -1.5 0.4 -2.38419e-07
v -1.5 0.5 -2.38419e-07
v -1.5 0.7 -2.38419e-07
v -1.4 0.4 -2.38419e-07
v -1.4 0.6 -2.38419e-07
v -1.4 0.7 -2.38419e-07
v -1.3 0.4 -2.38419e-07
v -1.3 0.5 -2.38419e-07
v -1.2 0.4 -2.38419e-07
v -1.2 0.5 -2.38419e-07
v -1.8 0.4 -0.1
v -1.8 0.5 -0.1
v -1.7 0.5 -0.1
v -1.7 0.6 -0.1
v -1.6 0.4 -0.1
v -1.6 0.5 -0.1
v -1.6 0.6 -0.1
v -0.5 1 -0.1
v -0.5 2.3 -0.1
v -0.4 1.8 -0.1
v -0.4 1.9 -0.1
v -0.3 1.1 -0.1
v -0.3 1.2 -0.1
v -0.3 1.6 -0.1
v -0.3 1.7 -0.1
v -0.3 1.8 -0.1
v -0.3 1.9 -0.1
v -0.2 1.1 -0.1
v -0.2 1.2 -0.1
v -0.2 1.6 -0.1
v -0.2 1.7 -0.1
v -0.2 1.8 -0.1
v 2.38419e-07 1.5 -0.1
v 2.38419e-07 1.6 -0.1
v 2.38419e-07 2 -0.1
v 2.38419e-07 2.1 -0.1
v 2.38419e-07 2.2 -0.1
v 0.1 1.5 -0.1
v 0.1 1.6 -0.1
v 0.1 2 -0.1
v 0.1 2.1 -0.1
v 0.1 2.2 -0.1
v 0.3 1 -0.1
v 0.3 2.3 -0.1
v 1 0.4 -0.1
v 1 0.5 -0.1
v 1.1 0.4 -0.1
v 1.1 0.5 -0.1
v -1.9 0.4 -0.2
v -1.9 0.5 -0.2
v -1.8 0.4 -0.2
v -1.8 0.5 -0.2
v -1.6 0.4 -0.2
v -1.6 0.5 -0.2
v -1.5 0.4 -0.2
v -1.5 0.5 -0.2
v -1.5 0.6 -0.2
v -1.4 0.4 -0.2
v -1.4 0.5 -0.2
v -1.3 0.4 -0.2
v -1.3 0.6 -0.2
v 1.4 0.4 -0.2
v 1.4 0.6 -0.2
v 1.5 0.4 -0.2
v 1.5 0.6 -0.2
v -1.8 0.4 -0.3
v -1.8 0.5 -0.3
v -1.7 0.4 -0.3
v -1.7 0.5 -0.3
v 0.8 0.4 -0.3
v 0.8 0.5 -0.3
v 0.9 0.4 -0.3
v 0.9 0.5 -0.3
v 1.3 0.4 -0.3
v 1.3 0.5 -0.3
v 1.4 0.4 -0.3
v 1.4 0.5 -0.3
v -2 0.5 -0.4
v -2 0.7 -0.4
v -1.9 0.4 -0.4
v -1.9 0.5 -0.4
v -1.9 0.6 -0.4
v -1.9 0.7 -0.4
v -1.9 0.9 -0.4
v -1.9 1.5 -0.4
v -1.9 1.9 -0.4
v -1.9 2.1 -0.4
v -1.8 0.4 -0.4
v -1.8 0.5 -0.4
v -1.8 0.6 -0.4
v -1.8 0.9 -0.4
v -1.8 1.5 -0.4
v -1.8 1.9 -0.4
v -1.8 2.1 -0.4
v -1.7 0.4 -0.4
v -1.7 0.5 -0.4
v -1.7 0.9 -0.4
v -1.6 0.4 -0.4
v -1.6 0.5 -0.4
v -1.3 0.4 -0.4
v -1.3 0.5 -0.4
v -1.2 0.4 -0.4
v -1.2 0.5 -0.4
v -1.1 0.4 -0.4
v -1.1 0.5 -0.4
v -1 0.4 -0.4
v -1 0.5 -0.4
v 0.9 0.4 -0.4
v 0.9 0.5 -0.4
v 0.9 0.6 -0.4
v 1 0.5 -0.4
v 1 0.6 -0.4
v 1.1 0.4 -0.4
v 1.1 0.5 -0.4
v 1.2 0.4 -0.4
v 1.2 0.5 -0.4
v 1.3 0.4 -0.4
v 1.3 0.5 -0.4
v 1.5 0.4 -0.4
v 1.5 0.5 -0.4
v 1.6 0.4 -0.4
v 1.6 0.5 -0.4
v -2 1.9 -0.5
v -2 2.3 -0.5
v -1.9 1.5 -0.5
v -1.9 1.8 -0.5
v -1.9 1.9 -0.5
v -1.9 2.1 -0.5
v -1.9 2.3 -0.5
v -1.8 1.5 -0.5
v -1.8 1.8 -0.5
v -1.8 1.9 -0.5
v -1.8 2.1 -0.5
v -1.8 2.2 -0.5
v -1.7 0.5 -0.5
v -1.7 0.6 -0.5
v -1.7 1.9 -0.5
v -1.7 2.2 -0.5
v -1.6 0.5 -0.5
v -1.6 0.6 -0.5
v -1.3 0.5 -0.5
v -1.3 0.6 -0.5
v -1.2 0.5 -0.5
v -1.2 0.6 -0.5
v -1.1 0.5 -0.5
v -1.1 0.7 -0.5
v -1 0.4 -0.5
v -1 0.5 -0.5
v -1 0.6 -0.5
v -1 0.7 -0.5
v -0.9 0.4 -0.5
v -0.9 0.6 -0.5
v -0.9 0.7 -0.5
v -0.5 0.4 -0.5
v -0.5 0.5 -0.5
v -0.5 0.6 -0.5
v -0.5 1 -0.5
v -0.4 0.4 -0.5
v -0.4 0.5 -0.5
v -0.4 0.6 -0.5
v -0.3 0.4 -0.5
v -0.3 0.5 -0.5
v -0.3 0.6 -0.5
v -0.2 0.4 -0.5
v -0.2 0.5 -0.5
v -0.2 0.6 -0.5
v -0.0999999 0.4 -0.5
v -0.0999999 0.5 -0.5
v -0.0999999 0.6 -0.5
v 2.38419e-07 0.4 -0.5
v 2.38419e-07 0.5 -0.5
v 2.38419e-07 0.6 -0.5
v 0.1 0.4 -0.5
v 0.1 0.5 -0.5
v 0.1 0.6 -0.5
v 0.2 0.4 -0.5
v 0.2 0.5 -0.5
v 0.2 0.6 -0.5
v 0.3 0.4 -0.5
v 0.3 0.5 -0.5
v 0.3 0.6 -0.5
v 0.3 1 -0.5
v 1 0.5 -0.5
v 1 0.6 -0.5
v 1 0.7 -0.5
v 1.1 0.5 -0.5
v 1.1 0.6 -0.5
v 1.1 0.7 -0.5
v 1.3 0.4 -0.5
v 1.3 0.5 -0.5
v 1.3 0.6 -0.5
v 1.4 0.4 -0.5
v 1.4 0.6 -0.5
v -1.6 0.5 -0.6
v -1.6 0.6 -0.6
v -1.6 0.7 -0.6
v -1.5 0.5 -0.6
v -1.5 0.7 -0.6
v -1.4 0.4 -0.6
v -1.4 0.5 -0.6
v -1.3 0.4 -0.6
v -1.3 0.5 -0.6
v 0.9 0.4 -0.6
v 0.9 0.5 -0.6
v 1 0.4 -0.6
v 1 0.5 -0.6
v 1.2 0.4 -0.6
v 1.2 0.5 -0.6
v 1.3 0.4 -0.6
v 1.3 0.5 -0.6
v 1.5 0.4 -0.6
v 1.5 0.5 -0.6
v 1.6 0.4 -0.6
v 1.6 0.5 -0.6
v -1.2 0.4 -0.7
v -1.2 0.5 -0.7
v -1.1 0.4 -0.7
v -1.1 0.5 -0.7
v -1 0.4 -0.7
v -1 0.5 -0.7
v -0.8 0.4 -0.7
v -0.8 0.5 -0.7
v 0.8 0.4 -0.7
v 0.8 0.5 -0.7
v 0.9 0.4 -0.7
v 0.9 0.5 -0.7
v 1.1 0.4 -0.7
v 1.1 0.6 -0.7
v 1.1 0.8 -0.7
v 1.1 0.9 -0.7
v 1.2 0.4 -0.7
v 1.2 0.5 -0.7
v 1.2 0.8 -0.7
v 1.2 0.9 -0.7
v 1.4 0.4 -0.7
v 1.4 0.6 -0.7
v 1.4 0.7 -0.7
v 1.5 0.4 -0.7
v 1.5 0.5 -0.7
v 1.5 0.6 -0.7
v 1.5 0.7 -0.7
v 1.6 0.4 -0.7
v 1.6 0.5 -0.7
v 1.7 0.4 -0.7
v 1.7 0.5 -0.7
v -1.7 0.4 -0.8
v -1.7 0.5 -0.8
v -1.7 0.6 -0.8
v -1.6 0.5 -0.8
v -1.6 0.6 -0.8
v -1.5 0.5 -0.8
v -1.5 0.7 -0.8
v -1.4 0.6 -0.8
v -1.4 0.7 -0.8
v -1.3 0.6 -0.8
v -1.3 0.8 -0.8
v -1.3 0.9 -0.8
v -1.2 0.4 -0.8
v -1.2 0.5 -0.8
v -1.2 0.8 -0.8
v -1.2 0.9 -0.8
v -1.1 0.4 -0.8
v -1.1 0.5 -0.8
v -1.1 0.7 -0.8
v -1 0.4 -0.8
v -1 0.5 -0.8
v -1 0.7 -0.8
v -0.7 0.4 -0.8
v -0.7 0.5 -0.8
v -0.6 0.4 -0.8
v -0.6 0.5 -0.8
v 0.9 0.4 -0.8
v 0.9 0.5 -0.8
v 0.9 0.6 -0.8
v 1 0.4 -0.8
v 1 0.6 -0.8
v 1.3 0.4 -0.8
v 1.3 0.5 -0.8
v 1.4 0.4 -0.8
v 1.4 0.5 -0.8
v -1.8 0.4 -0.9
v -1.8 0.5 -0.9
v -1.7 0.4 -0.9
v -1.7 0.5 -0.9
v 1.2 0.4 -0.9
v 1.2 0.5 -0.9
v 1.2 0.7 -0.9
v 1.3 0.4 -0.9
v 1.3 0.5 -0.9
v 1.3 0.7 -0.9
v 1.4 0.4 -0.9
v 1.4 0.5 -0.9
v 1.5 0.4 -0.9
v 1.5 0.5 -0.9
v -1.3 0.4 -1
v -1.3 0.5 -1
v -1.3 0.6 -1
v -1.2 0.4 -1
v -1.2 0.6 -1
v -0.0999999 0.4 -1
v -0.0999999 0.5 -1
v 2.38419e-07 0.4 -1
v 2.38419e-07 0.5 -1
v 1 0.4 -1
v 1 0.5 -1
v 1.1 0.4 -1
v 1.1 0.5 -1
v 1.5 0.4 -1
v 1.5 0.5 -1
v 1.5 0.6 -1
v 1.6 0.4 -1
v 1.6 0.6 -1
v -1.1 0.4 -1.1
v -1.1 0.5 -1.1
v -1 0.4 -1.1
v -1 0.5 -1.1
v 0.1 0.4 -1.1
v 0.1 0.5 -1.1
v 0.2 0.4 -1.1
v 0.2 0.5 -1.1
v 1.4 0.4 -1.1
v 1.4 0.5 -1.1
v 1.5 0.4 -1.1
v 1.5 0.5 -1.1
v -1.7 0.4 -1.2
v -1.7 0.8 -1.2
v -1.6 0.4 -1.2
v -1.6 0.8 -1.2
v -1.5 0.4 -1.2
v -1.5 0.6 -1.2
v -1.4 0.4 -1.2
v -1.4 0.5 -1.2
v -1.4 0.6 -1.2
v -1.3 0.4 -1.2
v -1.3 0.5 -1.2
v -1.2 0.4 -1.2
v -1.2 0.5 -1.2
v -1.1 0.5 -1.2
v -1.1 0.6 -1.2
v -1 0.4 -1.2
v -1 0.5 -1.2
v -0.9 0.4 -1.2
v -0.9 0.6 -1.2
v 0.3 0.4 -1.2
v 0.3 0.5 -1.2
v 0.4 0.4 -1.2
v 0.4 0.5 -1.2
v 0.8 0.4 -1.2
v 0.8 0.5 -1.2
v 0.9 0.4 -1.2
v 0.9 0.5 -1.2
v -1.6 0.4 -1.3
v -1.6 0.5 -1.3
v -1.5 0.4 -1.3
v -1.5 0.5 -1.3
v -1.4 0.4 -1.3
v -1.4 0.6 -1.3
v -1.4 0.7 -1.3
v -1.3 0.4 -1.3
v -1.3 0.5 -1.3
v -1.3 0.7 -1.3
v -1.2 0.4 -1.3
v -1.2 0.5 -1.3
v -1.2 0.6 -1.3
v -1.1 0.4 -1.3
v -1.1 0.6 -1.3
v -0.0999999 0.4 -1.3
v -0.0999999 0.5 -1.3
v 2.38419e-07 0.4 -1.3
v 2.38419e-07 0.5 -1.3
v 0.3 0.5 -1.3
v 0.3 0.7 -1.3
v 0.4 0.5 -1.3
v 0.4 0.7 -1.3
v 0.6 0.4 -1.3
v 0.6 0.6 -1.3
v 0.7 0.4 -1.3
v 0.7 0.6 -1.3
v 1.1 0.4 -1.3
v 1.1 0.5 -1.3
v 1.2 0.4 -1.3
v 1.2 0.5 -1.3
v -1.5 0.4 -1.4
v -1.5 0.5 -1.4
v -1.5 0.9 -1.4
v -1.4 0.4 -1.4
v -1.4 0.7 -1.4
v -1.4 0.9 -1.4
v -1 0.5 -1.4
v -1 0.6 -1.4
v -1 0.7 -1.4
v -0.9 0.5 -1.4
v -0.9 0.6 -1.4
v -0.9 0.7 -1.4
v -0.7 0.4 -1.4
v -0.7 0.5 -1.4
v -0.6 0.4 -1.4
v -0.6 0.5 -1.4
v -0.2 0.4 -1.4
v -0.2 0.6 -1.4
v -0.0999999 0.4 -1.4
v -0.0999999 0.5 -1.4
v -0.0999999 0.6 -1.4
v 0.1 0.4 -1.4
v 0.1 0.5 -1.4
v 0.2 0.4 -1.4
v 0.2 0.5 -1.4
v 0.7 0.4 -1.4
v 0.7 0.5 -1.4
v 0.8 0.4 -1.4
v 0.8 0.5 -1.4
v 1.4 0.4 -1.4
v 1.4 0.6 -1.4
v 1.5 0.4 -1.4
v 1.5 0.6 -1.4
v -1.3 0.4 -1.5
v -1.3 0.5 -1.5
v -1 0.4 -1.5
v -1 0.5 -1.5
v -0.8 0.4 -1.5
v -0.8 0.5 -1.5
v -0.7 0.4 -1.5
v -0.7 0.5 -1.5
v -0.6 0.4 -1.5
v -0.6 0.5 -1.5
v -0.4 0.4 -1.5
v -0.4 0.5 -1.5
v -0.3 0.4 -1.5
v -0.3 0.5 -1.5
v -0.2 0.4 -1.5
v -0.2 0.5 -1.5
v -0.0999999 0.4 -1.5
v -0.0999999 0.5 -1.5
v 2.38419e-07 0.5 -1.5
v 2.38419e-07 0.7 -1.5
v 2.38419e-07 0.8 -1.5
v 0.1 0.4 -1.5
v 0.1 0.5 -1.5
v 0.1 0.7 -1.5
v 0.1 0.8 -1.5
v 0.3 0.4 -1.5
v 0.3 0.5 -1.5
v 0.5 0.4 -1.5
v 0.5 0.5 -1.5
v 0.8 0.4 -1.5
v 0.8 0.5 -1.5
v 0.9 0.4 -1.5
v 0.9 0.5 -1.5
v 1.1 0.4 -1.5
v 1.1 0.7 -1.5
v 1.2 0.4 -1.5
v 1.2 0.7 -1.5
v 1.3 0.4 -1.5
v 1.3 0.5 -1.5
v 1.4 0.4 -1.5
v 1.4 0.5 -1.5
v 1.5 0.4 -1.5
v 1.5 0.5 -1.5
v 1.6 0.4 -1.5
v 1.6 0.5 -1.5
v -1.2 0.5 -1.6
v -1.2 0.6 -1.6
v -1.1 0.5 -1.6
v -1.1 0.6 -1.6
v -1 0.6 -1.6
v -1 0.8 -1.6
v -1 0.9 -1.6
v -0.9 0.6 -1.6
v -0.9 0.8 -1.6
v -0.9 0.9 -1.6
v -0.7 0.4 -1.6
v -0.7 0.5 -1.6
v -0.7 0.6 -1.6
v -0.6 0.4 -1.6
v -0.6 0.5 -1.6
v -0.6 0.6 -1.6
v -0.4 0.4 -1.6
v -0.4 0.5 -1.6
v -0.3 0.4 -1.6
v -0.3 0.5 -1.6
v 0.1 0.4 -1.6
v 0.1 0.5 -1.6
v 0.2 0.5 -1.6
v 0.2 0.6 -1.6
v 0.3 0.4 -1.6
v 0.3 0.5 -1.6
v 0.3 0.6 -1.6
v 1.2 0.4 -1.6
v 1.2 0.5 -1.6
v 1.3 0.4 -1.6
v 1.3 0.5 -1.6
v -0.9 0.4 -1.7
v -0.9 0.5 -1.7
v -0.8 0.4 -1.7
v -0.8 0.5 -1.7
v -0.6 0.4 -1.7
v -0.6 0.5 -1.7
v -0.5 0.4 -1.7
v -0.5 0.5 -1.7
v -0.2 0.4 -1.7
v -0.2 0.5 -1.7
v 2.38419e-07 0.4 -1.7
v 2.38419e-07 0.5 -1.7
v 0.5 0.4 -1.7
v 0.5 0.5 -1.7
v 0.6 0.4 -1.7
v 0.6 0.5 -1.7
v 0.8 0.4 -1.7
v 0.8 0.5 -1.7
v 0.9 0.4 -1.7
v 0.9 0.5 -1.7
v 1.3 0.4 -1.7
v 1.3 0.5 -1.7
v 1.3 0.6 -1.7
v 1.3 0.7 -1.7
v 1.4 0.4 -1.7
v 1.4 0.6 -1.7
v 1.4 0.7 -1.7
v -1.3 0.4 -1.8
v -1.3 0.5 -1.8
v -1.2 0.4 -1.8
v -1.2 0.5 -1.8
v -1 0.4 -1.8
v -1 0.6 -1.8
v -1 0.7 -1.8
v -0.9 0.4 -1.8
v -0.9 0.5 -1.8
v -0.9 0.6 -1.8
v -0.9 0.7 -1.8
v -0.7 0.4 -1.8
v -0.7 0.7 -1.8
v -0.6 0.4 -1.8
v -0.6 0.5 -1.8
v -0.6 0.7 -1.8
v 0.1 0.4 -1.8
v 0.1 0.5 -1.8
v 0.2 0.4 -1.8
v 0.2 0.5 -1.8
v 0.8 0.5 -1.8
v 0.8 0.6 -1.8
v 0.9 0.5 -1.8
v 0.9 0.6 -1.8
v 1.1 0.4 -1.8
v 1.1 0.8 -1.8
v 1.1 0.9 -1.8
v 1.2 0.5 -1.8
v 1.2 0.8 -1.8
v 1.2 0.9 -1.8
v 1.3 0.4 -1.8
v 1.3 0.5 -1.8
v -0.9 0.4 -1.9
v -0.9 0.5 -1.9
v -0.8 0.4 -1.9
v -0.8 0.5 -1.9
v -0.6 0.4 -1.9
v -0.6 0.5 -1.9
v -0.5 0.4 -1.9
v -0.5 0.5 -1.9
v 0.7 0.4 -1.9
v 0.7 0.5 -1.9
v 0.8 0.4 -1.9
v 0.8 0.5 -1.9
v 1.4 0.4 -1.9
v 1.4 0.5 -1.9
v 1.5 0.4 -1.9
v 1.5 0.5 -1.9
v 1.1 0.4 1.8
v 1.1 0.5 1.8
v 1.2 0.4 1.8
v 1.2 0.5 1.8
v -1.7 0.4 1.6
v -1.7 0.5 1.6
v -1.6 0.4 1.6
v -1.6 0.5 1.6
v 1 0.4 1.6
v 1 0.5 1.6
v 1.1 0.4 1.6
v 1.1 0.5 1.6
v -1.8 0.4 1.5
v -1.8 0.6 1.5
v -1.7 0.4 1.5
v -1.7 0.5 1.5
v -1.7 0.6 1.5
v -1.3 0.4 1.5
v -1.3 0.5 1.5
v -1.2 0.4 1.5
v -1.2 0.5 1.5
v 1.2 0.4 1.5
v 1.2 0.6 1.5
v 1.3 0.4 1.5
v 1.3 0.5 1.5
v 1.3 0.6 1.5
v -1.7 0.4 1.4
v -1.7 0.5 1.4
v -1.6 0.4 1.4
v -1.6 0.5 1.4
v -1.5 0.4 1.4
v -1.5 0.5 1.4
v -1.5 0.7 1.4
v -1.4 0.4 1.4
v -1.4 0.5 1.4
v -1.4 0.7 1.4
v 1.7 0.4 1.4
v 1.7 0.5 1.4
v 1.8 0.4 1.4
v 1.8 0.5 1.4
v -1.6 0.4 1.3
v -1.6 0.5 1.3
v -1.5 0.4 1.3
v -1.5 0.5 1.3
v -1.2 0.4 1.3
v -1.2 0.5 1.3
v -1.2 0.6 1.3
v -1.1 0.4 1.3
v -1.1 0.5 1.3
v -1.1 0.6 1.3
v 1 0.4 1.3
v 1 0.5 1.3
v 1 0.7 1.3
v 1.1 0.4 1.3
v 1.1 0.5 1.3
v 1.1 0.7 1.3
v 1.2 0.4 1.3
v 1.2 0.5 1.3
v 1.2 0.8 1.3
v 1.2 0.9 1.3
v 1.3 0.6 1.3
v 1.3 0.8 1.3
v 1.3 0.9 1.3
v 1.4 0.6 1.3
v 1.4 0.7 1.3
v 1.5 0.5 1.3
v 1.5 0.7 1.3
v 1.6 0.5 1.3
v 1.6 0.6 1.3
v 1.7 0.4 1.3
v 1.7 0.6 1.3
v -1.9 0.4 1.2
v -1.9 0.5 1.2
v -1.8 0.4 1.2
v -1.8 0.5 1.2
v -1.7 0.4 1.2
v -1.7 0.5 1.2
v -1.7 0.6 1.2
v -1.7 0.7 1.2
v -1.6 0.4 1.2
v -1.6 0.6 1.2
v -1.6 0.7 1.2
v -1.4 0.4 1.2
v -1.4 0.5 1.2
v -1.4 0.8 1.2
v -1.4 0.9 1.2
v -1.3 0.4 1.2
v -1.3 0.6 1.2
v -1.3 0.8 1.2
v -1.3 0.9 1.2
v -1.1 0.4 1.2
v -1.1 0.5 1.2
v -1 0.4 1.2
v -1 0.5 1.2
v 0.8 0.4 1.2
v 0.8 0.5 1.2
v 0.9 0.4 1.2
v 0.9 0.5 1.2
v 1 0.4 1.2
v 1 0.5 1.2
v 1.1 0.4 1.2
v 1.1 0.5 1.2
v 1.2 0.4 1.2
v 1.2 0.5 1.2
v -1.8 0.4 1.1
v -1.8 0.5 1.1
v -1.7 0.4 1.1
v -1.7 0.5 1.1
v -1.5 0.4 1.1
v -1.5 0.5 1.1
v -1.4 0.4 1.1
v -1.4 0.5 1.1
v -1.2 0.4 1.1
v -1.2 0.5 1.1
v -1.1 0.4 1.1
v -1.1 0.5 1.1
v 1.3 0.4 1.1
v 1.3 0.5 1.1
v 1.4 0.4 1.1
v 1.4 0.5 1.1
v -1.6 0.4 1
v -1.6 0.5 1
v -1.6 0.6 1
v -1.5 0.4 1
v -1.5 0.6 1
v -1.3 0.4 1
v -1.3 0.5 1
v -1.3 0.7 1
v -1.2 0.4 1
v -1.2 0.5 1
v -1.2 0.7 1
v -1 0.4 1
v -1 0.5 1
v -0.9 0.4 1
v -0.9 0.5 1
v 0.9 0.5 1
v 0.9 0.7 1
v 1 0.4 1
v 1 0.5 1
v 1 0.6 1
v 1 0.7 1
v 1.1 0.4 1
v 1.1 0.5 1
v 1.1 0.6 1
v 1.1 0.7 1
v 1.2 0.4 1
v 1.2 0.5 1
v 1.2 0.6 1
v 1.3 0.4 1
v 1.3 0.5 1
v 1.3 0.6 1
v 1.4 0.4 1
v 1.4 0.5 1
v 1.5 0.4 1
v 1.5 0.5 1
v -1.9 0.4 0.9
v -1.9 0.5 0.9
v -1.8 0.4 0.9
v -1.8 0.5 0.9
v -1.2 0.4 0.9
v -1.2 0.5 0.9
v -1.1 0.5 0.9
v -1.1 0.6 0.9
v -1.1 0.7 0.9
v -1 0.4 0.9
v -1 0.5 0.9
v -1 0.6 0.9
v -1 0.7 0.9
v 0.9 0.4 0.9
v 0.9 0.5 0.9
v 1 0.4 0.9
v 1 0.5 0.9
v 1.1 0.4 0.9
v 1.1 0.5 0.9
v 1.2 0.4 0.9
v 1.2 0.5 0.9
v -2 0.4 0.8
v -2 0.5 0.8
v -1.9 0.4 0.8
v -1.9 0.5 0.8
v -1.7 0.4 0.8
v -1.7 0.5 0.8
v -1.6 0.4 0.8
v -1.6 0.5 0.8
v -1.5 0.4 0.8
v -1.5 0.5 0.8
v -1.4 0.4 0.8
v -1.4 0.5 0.8
v -1.3 0.4 0.8
v -1.3 0.5 0.8
v -1 0.4 0.8
v -1 0.5 0.8
v -0.9 0.4 0.8
v -0.9 0.5 0.8
v 1.4 0.6 0.8
v 1.4 0.7 0.8
v 1.5 0.4 0.8
v 1.5 0.5 0.8
v 1.5 0.6 0.8
v 1.5 0.7 0.8
v 1.5 0.8 0.8
v 1.6 0.4 0.8
v 1.6 0.5 0.8
v 1.6 0.6 0.8
v 1.6 0.7 0.8
v 1.6 0.8 0.8
v 1.8 0.4 0.8
v 1.8 0.5 0.8
v 1.8 0.6 0.8
v 1.8 0.7 0.8
v 1.8 0.8 0.8
v 1.9 0.4 0.8
v 1.9 0.5 0.8
v 1.9 0.6 0.8
v 1.9 0.7 0.8
v 1.9 0.8 0.8
v 2 0.6 0.8
v 2 0.7 0.8
v -1.8 0.4 0.7
v -1.8 0.5 0.7
v -1.8 0.6 0.7
v -1.7 0.4 0.7
v -1.7 0.6 0.7
v -1.3 0.4 0.7
v -1.3 0.5 0.7
v -1.2 0.4 0.7
v -1.2 0.5 0.7
v 1.2 0.4 0.7
v 1.2 0.6 0.7
v 1.3 0.4 0.7
v 1.3 0.5 0.7
v 1.4 0.5 0.7
v 1.4 0.6 0.7
v 1.5 0.6 0.7
v 1.5 0.7 0.7
v 1.6 0.4 0.7
v 1.6 0.5 0.7
v 1.6 0.6 0.7
v 1.6 0.7 0.7
v 1.6 0.8 0.7
v 1.7 0.7 0.7
v 1.7 0.8 0.7
v 1.8 0.4 0.7
v 1.8 0.5 0.7
v 1.8 0.6 0.7
v 1.8 0.7 0.7
v 1.8 0.8 0.7
v 1.9 0.6 0.7
v 1.9 0.7 0.7
v -1.9 0.4 0.6
v -1.9 0.5 0.6
v -1.8 0.4 0.6
v -1.8 0.5 0.6
v -1.6 0.4 0.6
v -1.6 0.5 0.6
v -1.6 0.6 0.6
v -1.5 0.4 0.6
v -1.5 0.5 0.6
v -1.5 0.6 0.6
v -1.4 0.5 0.6
v -1.4 0.6 0.6
v -1.3 0.5 0.6
v -1.3 0.6 0.6
v -1.2 0.4 0.6
v -1.2 0.5 0.6
v -1.1 0.4 0.6
v -1.1 0.5 0.6
v 1.6 0.6 0.6
v 1.6 0.7 0.6
v 1.8 0.6 0.6
v 1.8 0.7 0.6
v -1.8 0.4 0.5
v -1.8 0.5 0.5
v -1.8 0.7 0.5
v -1.7 0.4 0.5
v -1.7 0.5 0.5
v -1.7 0.7 0.5
v -1.5 0.4 0.5
v -1.5 0.5 0.5
v -1.4 0.4 0.5
v -1.4 0.5 0.5
v 1.1 0.4 0.5
v 1.1 0.5 0.5
v 1.2 0.4 0.5
v 1.2 0.5 0.5
v 1.3 0.4 0.5
v 1.3 0.6 0.5
v 1.3 0.7 0.5
v 1.4 0.4 0.5
v 1.4 0.5 0.5
v 1.4 0.6 0.5
v 1.4 0.7 0.5
v -1.9 0.4 0.4
v -1.9 0.5 0.4
v -1.8 0.4 0.4
v -1.8 0.5 0.4
v -1.7 0.4 0.4
v -1.7 0.5 0.4
v -1.6 0.5 0.4
v -1.6 0.7 0.4
v -1.5 0.4 0.4
v -1.5 0.7 0.4
v -1.4 0.4 0.4
v -1.4 0.5 0.4
v -1.3 0.4 0.4
v -1.3 0.5 0.4
v 1 0.4 0.4
v 1 0.5 0.4
v 1 0.6 0.4
v 1.1 0.4 0.4
v 1.1 0.5 0.4
v 1.1 0.6 0.4
v 1.4 0.4 0.4
v 1.4 0.5 0.4
v 1.5 0.4 0.4
v 1.5 0.5 0.4
v 1.6 0.4 0.4
v 1.6 0.5 0.4
v 1.7 0.5 0.4
v 1.7 0.6 0.4
v 1.8 0.4 0.4
v 1.8 0.6 0.4
v -2 0.4 0.3
v -2 0.6 0.3
v -1.9 0.4 0.3
v -1.9 0.6 0.3
v -1.3 0.5 0.3
v -1.3 0.6 0.3
v -1.3 0.7 0.3
v -1.2 0.5 0.3
v -1.2 0.6 0.3
v -1.2 0.7 0.3
v 1.2 0.4 0.3
v 1.2 0.5 0.3
v 1.2 0.8 0.3
v 1.2 0.9 0.3
v 1.3 0.4 0.3
v 1.3 0.5 0.3
v 1.3 0.8 0.3
v 1.3 0.9 0.3
v -1.9 0.4 0.2
v -1.9 0.8 0.2
v -1.8 0.4 0.2
v -1.8 0.5 0.2
v -1.8 0.8 0.2
v -1.7 0.5 0.2
v -1.7 0.6 0.2
v -1.6 0.4 0.2
v -1.6 0.6 0.2
v -1.5 0.4 0.2
v -1.5 0.5 0.2
v -1.4 0.4 0.2
v -1.4 0.5 0.2
v -1.3 0.4 0.2
v -1.3 0.5 0.2
v -1.2 0.4 0.2
v -1.2 0.5 0.2
v -1.1 0.4 0.2
v -1.1 0.5 0.2
v -1 0.4 0.2
v -1 0.5 0.2
v 0.9 0.4 0.2
v 0.9 0.5 0.2
v 1 0.4 0.2
v 1 0.5 0.2
v 1.3 0.4 0.2
v 1.3 0.5 0.2
v 1.4 0.4 0.2
v 1.4 0.5 0.2
v 1.5 0.4 0.2
v 1.5 0.6 0.2
v 1.6 0.5 0.2
v 1.6 0.6 0.2
v 1.7 0.4 0.2
v 1.7 0.5 0.2
v -1.4 0.6 0.0999999
v -1.4 0.8 0.0999999
v -1.4 0.9 0.0999999
v -1.3 0.6 0.0999999
v -1.3 0.8 0.0999999
v -1.3 0.9 0.0999999
v 1.1 0.4 0.0999999
v 1.1 0.7 0.0999999
v 1.2 0.4 0.0999999
v 1.2 0.5 0.0999999
v 1.2 0.7 0.0999999
v -1.9 0.4 -2.38419e-07
v -1.9 0.5 -2.38419e-07
v -1.9 0.6 -2.38419e-07
v -1.8 0.5 -2.38419e-07
v -1.8 0.6 -2.38419e-07
v -1.7 0.4 -2.38419e-07
v -1.7 0.5 -2.38419e-07
v -1.4 0.4 -2.38419e-07
v -1.4 0.6 -2.38419e-07
v -1.3 0.4 -2.38419e-07
v -1.3 0.5 -2.38419e-07
v -1.3 0.6 -2.38419e-07
v -1.2 0.5 -2.38419e-07
v -1.2 0.6 -2.38419e-07
v -1.1 0.5 -2.38419e-07
v -1.1 0.6 -2.38419e-07
v 1.4 0.4 -2.38419e-07
v 1.4 0.6 -2.38419e-07
v 1.4 0.7 -2.38419e-07
v 1.5 0.5 -2.38419e-07
v 1.5 0.6 -2.38419e-07
v 1.5 0.7 -2.38419e-07
v 1.6 0.4 -2.38419e-07
v 1.6 0.5 -2.38419e-07
v -1.6 0.4 -0.1
v -1.6 0.5 -0.1
v -1.5 0.4 -0.1
v -1.5 0.5 -0.1
v -1.5 0.7 -0.1
v -1.4 0.5 -0.1
v -1.4 0.7 -0.1
v -1.3 0.4 -0.1
v -1.3 0.5 -0.1
v -1.1 0.4 -0.1
v -1.1 0.5 -0.1
v -0.5 0.4 -0.1
v -0.5 1 -0.1
v 0.3 0.4 -0.1
v 0.3 1 -0.1
v 1.2 0.4 -0.1
v 1.2 0.5 -0.1
v 1.3 0.4 -0.1
v 1.3 0.5 -0.1
v -1.8 0.4 -0.2
v -1.8 0.5 -0.2
v -1.7 0.5 -0.2
v -1.7 0.6 -0.2
v -1.6 0.4 -0.2
v -1.6 0.5 -0.2
v -1.6 0.6 -0.2
v 1 0.4 -0.2
v 1 0.5 -0.2
v 1.1 0.4 -0.2
v 1.1 0.5 -0.2
v -1.9 0.4 -0.3
v -1.9 0.5 -0.3
v -1.8 0.4 -0.3
v -1.8 0.5 -0.3
v -1.6 0.4 -0.3
v -1.6 0.5 -0.3
v -1.5 0.4 -0.3
v -1.5 0.5 -0.3
v -1.4 0.4 -0.3
v -1.4 0.6 -0.3
v -1.3 0.4 -0.3
v -1.3 0.6 -0.3
v 1.4 0.4 -0.3
v 1.4 0.5 -0.3
v 1.4 0.6 -0.3
v 1.5 0.4 -0.3
v 1.5 0.6 -0.3
v -1.5 0.5 -0.4
v -1.5 0.6 -0.4
v -1.4 0.5 -0.4
v -1.4 0.6 -0.4
v 0.8 0.4 -0.4
v 0.8 0.5 -0.4
v 0.9 0.4 -0.4
v 0.9 0.5 -0.4
v 1.3 0.4 -0.4
v 1.3 0.5 -0.4
v 1.4 0.4 -0.4
v 1.4 0.5 -0.4
v -2 0.5 -0.5
v -2 0.7 -0.5
v -1.9 0.4 -0.5
v -1.9 0.5 -0.5
v -1.9 0.6 -0.5
v -1.9 0.7 -0.5
v -1.9 0.9 -0.5
v -1.9 1.5 -0.5
v -1.8 0.4 -0.5
v -1.8 0.5 -0.5
v -1.8 0.6 -0.5
v -1.8 0.9 -0.5
v -1.8 1.5 -0.5
v -1.7 0.5 -0.5
v -1.7 0.6 -0.5
v -1.7 0.9 -0.5
v -0.5 1 -0.5
v -0.5 2.3 -0.5
v -0.4 1.6 -0.5
v -0.4 1.7 -0.5
v -0.3 1.5 -0.5
v -0.3 1.6 -0.5
v -0.3 1.7 -0.5
v -0.2 1.5 -0.5
v -0.2 1.6 -0.5
v 2.38419e-07 1.3 -0.5
v 2.38419e-07 1.4 -0.5
v 2.38419e-07 1.8 -0.5
v 2.38419e-07 1.9 -0.5
v 2.38419e-07 2 -0.5
v 0.1 1.3 -0.5
v 0.1 1.4 -0.5
v 0.1 1.8 -0.5
v 0.1 1.9 -0.5
v 0.1 2 -0.5
v 0.3 1 -0.5
v 0.3 2.3 -0.5
v 0.9 0.4 -0.5
v 0.9 0.6 -0.5
v 1 0.4 -0.5
v 1 0.6 -0.5
v 1.2 0.4 -0.5
v 1.2 0.5 -0.5
v 1.3 0.4 -0.5
v 1.3 0.5 -0.5
v 1.5 0.4 -0.5
v 1.5 0.5 -0.5
v 1.6 0.4 -0.5
v 1.6 0.5 -0.5
v -2 1.9 -0.6
v -2 2.3 -0.6
v -1.9 1.5 -0.6
v -1.9 1.8 -0.6
v -1.9 1.9 -0.6
v -1.9 2.1 -0.6
v -1.9 2.3 -0.6
v -1.8 0.4 -0.6
v -1.8 0.5 -0.6
v -1.8 1.5 -0.6
v -1.8 1.8 -0.6
v -1.8 1.9 -0.6
v -1.8 2.1 -0.6
v -1.8 2.2 -0.6
v -1.7 0.5 -0.6
v -1.7 0.6 -0.6
v -1.7 1.9 -0.6
v -1.7 2.2 -0.6
v -1.6 0.4 -0.6
v -1.6 0.5 -0.6
v -1.6 0.6 -0.6
v -1.5 0.4 -0.6
v -1.5 0.5 -0.6
v -1.4 0.4 -0.6
v -1.4 0.5 -0.6
v -1.3 0.4 -0.6
v -1.3 0.5 -0.6
v -1.3 0.6 -0.6
v -1.2 0.4 -0.6
v -1.2 0.5 -0.6
v -1.2 0.6 -0.6
v -1.1 0.4 -0.6
v -1.1 0.7 -0.6
v -1 0.6 -0.6
v -1 0.7 -0.6
v -0.9 0.4 -0.6
v -0.9 0.6 -0.6
v -0.9 0.7 -0.6
v 1 0.6 -0.6
v 1 0.7 -0.6
v 1.1 0.6 -0.6
v 1.1 0.7 -0.6
v 1.3 0.4 -0.6
v 1.3 0.5 -0.6
v 1.3 0.6 -0.6
v 1.4 0.4 -0.6
v 1.4 0.6 -0.6
v -1.9 1.9 -0.7
v -1.9 2.1 -0.7
v -1.8 1.9 -0.7
v -1.8 2.1 -0.7
v -1.6 0.5 -0.7
v -1.6 0.7 -0.7
v -1.5 0.5 -0.7
v -1.5 0.7 -0.7
v -1.4 0.4 -0.7
v -1.4 0.5 -0.7
v -1.3 0.4 -0.7
v -1.3 0.5 -0.7
v -0.5 2.3 -0.7
v -0.5 3.1 -0.7
v 0.3 2.3 -0.7
v 0.3 3.1 -0.7
v 0.9 0.4 -0.7
v 0.9 0.5 -0.7
v 1 0.5 -0.7
v 1 0.6 -0.7
v 1.1 0.4 -0.7
v 1.1 0.6 -0.7
v 1.2 0.4 -0.7
v 1.2 0.5 -0.7
v 1.3 0.4 -0.7
v 1.3 0.5 -0.7
v 1.5 0.4 -0.7
v 1.5 0.5 -0.7
v 1.6 0.4 -0.7
v 1.6 0.5 -0.7
v -1.2 0.4 -0.8
v -1.2 0.5 -0.8
v -1.1 0.4 -0.8
v -1.1 0.5 -0.8
v -1 0.4 -0.8
v -1 0.5 -0.8
v -0.8 0.4 -0.8
v -0.8 0.5 -0.8
v 0.8 0.4 -0.8
v 0.8 0.5 -0.8
v 0.9 0.4 -0.8
v 0.9 0.5 -0.8
v 1.1 0.5 -0.8
v 1.1 0.8 -0.8
v 1.1 0.9 -0.8
v 1.2 0.5 -0.8
v 1.2 0.8 -0.8
v 1.2 0.9 -0.8
v 1.4 0.4 -0.8
v 1.4 0.5 -0.8
v 1.4 0.6 -0.8
v 1.4 0.7 -0.8
v 1.5 0.4 -0.8
v 1.5 0.6 -0.8
v 1.5 0.7 -0.8
v 1.6 0.4 -0.8
v 1.6 0.5 -0.8
v 1.7 0.4 -0.8
v 1.7 0.5 -0.8
v -1.6 0.4 -0.9
v -1.6 0.5 -0.9
v -1.5 0.5 -0.9
v -1.5 0.7 -0.9
v -1.4 0.4 -0.9
v -1.4 0.5 -0.9
v -1.4 0.6 -0.9
v -1.4 0.7 -0.9
v -1.3 0.4 -0.9
v -1.3 0.5 -0.9
v -1.3 0.6 -0.9
v -1.3 0.8 -0.9
v -1.3 0.9 -0.9
v -1.2 0.4 -0.9
v -1.2 0.8 -0.9
v -1.2 0.9 -0.9
v -1.1 0.4 -0.9
v -1.1 0.7 -0.9
v -1 0.4 -0.9
v -1 0.7 -0.9
v -0.7 0.4 -0.9
v -0.7 0.5 -0.9
v -0.6 0.4 -0.9
v -0.6 0.5 -0.9
v -0.5 0.4 -0.9
v -0.5 1 -0.9
v 0.3 0.4 -0.9
v 0.3 1 -0.9
v 0.9 0.4 -0.9
v 0.9 0.6 -0.9
v 1 0.4 -0.9
v 1 0.6 -0.9
v 1.1 0.4 -0.9
v 1.1 0.5 -0.9
v 1.2 0.4 -0.9
v 1.2 0.5 -0.9
v 1.3 0.4 -0.9
v 1.3 0.5 -0.9
v 1.4 0.4 -0.9
v 1.4 0.5 -0.9
v -1.8 0.4 -1
v -1.8 0.5 -1
v -1.7 0.5 -1
v -1.7 0.6 -1
v -1.6 0.4 -1
v -1.6 0.6 -1
v 1.2 0.4 -1
v 1.2 0.7 -1
v 1.3 0.4 -1
v 1.3 0.7 -1
v 1.4 0.4 -1
v 1.4 0.5 -1
v 1.5 0.4 -1
v 1.5 0.5 -1
v -1.3 0.4 -1.1
v -1.3 0.5 -1.1
v -1.3 0.6 -1.1
v -1.2 0.4 -1.1
v -1.2 0.6 -1.1
v 1 0.4 -1.1
v 1 0.5 -1.1
v 1.1 0.4 -1.1
v 1.1 0.5 -1.1
v 1.5 0.4 -1.1
v 1.5 0.5 -1.1
v 1.5 0.6 -1.1
v 1.6 0.4 -1.1
v 1.6 0.6 -1.1
v -1.4 0.4 -1.2
v -1.4 0.5 -1.2
v -1.3 0.4 -1.2
v -1.3 0.5 -1.2
v -0.0999999 0.4 -1.2
v -0.0999999 0.5 -1.2
v 2.38419e-07 0.4 -1.2
v 2.38419e-07 0.5 -1.2
v 1.4 0.4 -1.2
v 1.4 0.5 -1.2
v 1.5 0.4 -1.2
v 1.5 0.5 -1.2
v -1.7 0.4 -1.3
v -1.7 0.8 -1.3
v -1.6 0.4 -1.3
v -1.6 0.5 -1.3
v -1.6 0.8 -1.3
v -1.5 0.4 -1.3
v -1.5 0.5 -1.3
v -1.5 0.6 -1.3
v -1.4 0.4 -1.3
v -1.4 0.6 -1.3
v -1.3 0.4 -1.3
v -1.3 0.5 -1.3
v -1.2 0.4 -1.3
v -1.2 0.5 -1.3
v -1.1 0.4 -1.3
v -1.1 0.6 -1.3
v -1 0.4 -1.3
v -1 0.5 -1.3
v -0.9 0.5 -1.3
v -0.9 0.6 -1.3
v 0.1 0.4 -1.3
v 0.1 0.5 -1.3
v 0.2 0.4 -1.3
v 0.2 0.5 -1.3
v 0.8 0.4 -1.3
v 0.8 0.5 -1.3
v 0.9 0.4 -1.3
v 0.9 0.5 -1.3
v -1.6 0.4 -1.4
v -1.6 0.5 -1.4
v -1.5 0.4 -1.4
v -1.5 0.5 -1.4
v -1.4 0.4 -1.4
v -1.4 0.7 -1.4
v -1.3 0.4 -1.4
v -1.3 0.7 -1.4
v -1.2 0.4 -1.4
v -1.2 0.6 -1.4
v -1.1 0.4 -1.4
v -1.1 0.6 -1.4
v -0.0999999 0.4 -1.4
v -0.0999999 0.5 -1.4
v 2.38419e-07 0.4 -1.4
v 2.38419e-07 0.5 -1.4
v 0.3 0.4 -1.4
v 0.3 0.7 -1.4
v 0.4 0.4 -1.4
v 0.4 0.7 -1.4
v 0.6 0.4 -1.4
v 0.6 0.6 -1.4
v 0.7 0.4 -1.4
v 0.7 0.5 -1.4
v 0.7 0.6 -1.4
v 1.1 0.4 -1.4
v 1.1 0.5 -1.4
v 1.2 0.4 -1.4
v 1.2 0.5 -1.4
v -1.5 0.4 -1.5
v -1.5 0.9 -1.5
v -1.4 0.4 -1.5
v -1.4 0.9 -1.5
v -1 0.6 -1.5
v -1 0.7 -1.5
v -0.9 0.6 -1.5
v -0.9 0.7 -1.5
v -0.7 0.4 -1.5
v -0.7 0.5 -1.5
v -0.6 0.4 -1.5
v -0.6 0.5 -1.5
v 0.1 0.4 -1.5
v 0.1 0.5 -1.5
v 0.2 0.4 -1.5
v 0.2 0.5 -1.5
v 0.7 0.4 -1.5
v 0.7 0.5 -1.5
v 0.8 0.4 -1.5
v 0.8 0.5 -1.5
v 1.4 0.4 -1.5
v 1.4 0.5 -1.5
v 1.4 0.6 -1.5
v 1.5 0.4 -1.5
v 1.5 0.5 -1.5
v 1.5 0.6 -1.5
v -1.3 0.4 -1.6
v -1.3 0.5 -1.6
v -1.2 0.4 -1.6
v -1.2 0.5 -1.6
v -1.1 0.4 -1.6
v -1.1 0.5 -1.6
v -1 0.4 -1.6
v -1 0.5 -1.6
v -0.8 0.4 -1.6
v -0.8 0.5 -1.6
v -0.7 0.4 -1.6
v -0.7 0.5 -1.6
v -0.6 0.4 -1.6
v -0.6 0.5 -1.6
v -0.4 0.4 -1.6
v -0.4 0.5 -1.6
v -0.3 0.4 -1.6
v -0.3 0.5 -1.6
v -0.2 0.5 -1.6
v -0.2 0.6 -1.6
v -0.0999999 0.5 -1.6
v -0.0999999 0.6 -1.6
v 2.38419e-07 0.5 -1.6
v 2.38419e-07 0.7 -1.6
v 2.38419e-07 0.8 -1.6
v 0.1 0.4 -1.6
v 0.1 0.5 -1.6
v 0.1 0.7 -1.6
v 0.1 0.8 -1.6
v 0.3 0.4 -1.6
v 0.3 0.5 -1.6
v 0.5 0.4 -1.6
v 0.5 0.5 -1.6
v 0.8 0.4 -1.6
v 0.8 0.5 -1.6
v 0.9 0.4 -1.6
v 0.9 0.5 -1.6
v 1.1 0.4 -1.6
v 1.1 0.7 -1.6
v 1.2 0.4 -1.6
v 1.2 0.5 -1.6
v 1.2 0.7 -1.6
v 1.3 0.4 -1.6
v 1.3 0.5 -1.6
v 1.4 0.4 -1.6
v 1.4 0.5 -1.6
v 1.5 0.4 -1.6
v 1.5 0.5 -1.6
v 1.6 0.4 -1.6
v 1.6 0.5 -1.6
v -1.2 0.4 -1.7
v -1.2 0.6 -1.7
v -1.1 0.4 -1.7
v -1.1 0.6 -1.7
v -1 0.4 -1.7
v -1 0.8 -1.7
v -1 0.9 -1.7
v -0.9 0.4 -1.7
v -0.9 0.5 -1.7
v -0.9 0.8 -1.7
v -0.9 0.9 -1.7
v -0.7 0.4 -1.7
v -0.7 0.6 -1.7
v -0.6 0.4 -1.7
v -0.6 0.5 -1.7
v -0.6 0.6 -1.7
v -0.4 0.4 -1.7
v -0.4 0.5 -1.7
v -0.3 0.4 -1.7
v -0.3 0.5 -1.7
v 0.1 0.4 -1.7
v 0.1 0.5 -1.7
v 0.2 0.5 -1.7
v 0.2 0.6 -1.7
v 0.3 0.4 -1.7
v 0.3 0.5 -1.7
v 0.3 0.6 -1.7
v 1.2 0.4 -1.7
v 1.2 0.5 -1.7
v 1.3 0.4 -1.7
v 1.3 0.5 -1.7
v -0.9 0.4 -1.8
v -0.9 0.5 -1.8
v -0.8 0.4 -1.8
v -0.8 0.5 -1.8
v -0.6 0.4 -1.8
v -0.6 0.5 -1.8
v -0.5 0.4 -1.8
v -0.5 0.5 -1.8
v -0.0999999 0.4 -1.8
v -0.0999999 0.5 -1.8
v 2.38419e-07 0.4 -1.8
v 2.38419e-07 0.5 -1.8
v 0.5 0.4 -1.8
v 0.5 0.5 -1.8
v 0.6 0.4 -1.8
v 0.6 0.5 -1.8
v 1.3 0.4 -1.8
v 1.3 0.5 -1.8
v 1.3 0.6 -1.8
v 1.3 0.7 -1.8
v 1.4 0.4 -1.8
v 1.4 0.6 -1.8
v 1.4 0.7 -1.8
v -1.3 0.4 -1.9
v -1.3 0.5 -1.9
v -1.2 0.4 -1.9
v -1.2 0.5 -1.9
v -1 0.4 -1.9
v -1 0.6 -1.9
v -1 0.7 -1.9
v -0.9 0.4 -1.9
v -0.9 0.5 -1.9
v -0.9 0.6 -1.9
v -0.9 0.7 -1.9
v -0.2 0.4 -1.9
v -0.2 0.5 -1.9
v -0.0999999 0.4 -1.9
v -0.0999999 0.5 -1.9
v 0.1 0.4 -1.9
v 0.1 0.5 -1.9
v 0.2 0.4 -1.9
v 0.2 0.5 -1.9
v 0.8 0.4 -1.9
v 0.8 0.5 -1.9
v 0.8 0.6 -1.9
v 0.9 0.4 -1.9
v 0.9 0.6 -1.9
v 1.1 0.4 -1.9
v 1.1 0.8 -1.9
v 1.1 0.9 -1.9
v 1.2 0.5 -1.9
v 1.2 0.8 -1.9
v 1.2 0.9 -1.9
v 1.3 0.4 -1.9
v 1.3 0.5 -1.9
v -2 0 -2
v -2 0.3 -2
v -2 0.4 -2
v -0.9 0.4 -2
v -0.9 0.5 -2
v -0.8 0.4 -2
v -0.8 0.5 -2
v -0.7 0.4 -2
v -0.7 0.6 -2
v -0.7 0.7 -2
v -0.6 0.5 -2
v -0.6 0.6 -2
v -0.6 0.7 -2
v -0.5 0.4 -2
v -0.5 0.5 -2
v 0.7 0.4 -2
v 0.7 0.5 -2
v 0.8 0.4 -2
v 0.8 0.5 -2
v 1.4 0.4 -2
v 1.4 0.5 -2
v 1.5 0.4 -2
v 1.5 0.5 -2
v 2 0 -2
v 2 0.3 -2
v 2 0.4 -2
v -2 0 2
v 2 0 2
v -2 0 -2
v 2 0 -2
v -2 0.5 -0.4
v -1.9 0.5 -0.4
v -2 0.5 -0.5
v -1.9 0.5 -0.5
v -1.6 0.5 -0.6
v -1.5 0.5 -0.6
v -1.6 0.5 -0.7
v -1.5 0.5 -0.7
v 1.6 0.6 1.2
v 1.7 0.6 1.2
v 1.8 0.6 1.2
v 1.5 0.6 1.1
v 1.6 0.6 1.1
v 1.7 0.6 1.1
v 1.8 0.6 1.1
v 1.9 0.6 1.1
v 1.4 0.6 1
v 1.5 0.6 1
v 1.6 0.6 1
v 1.8 0.6 1
v 1.9 0.6 1
v 2 0.6 1
v 1.4 0.6 0.9
v 1.5 0.6 0.9
v 1.4 0.6 0.8
v 1.5 0.6 0.8
v 1.6 0.6 0.8
v 1.8 0.6 0.8
v 1.9 0.6 0.8
v 2 0.6 0.8
v 1.5 0.6 0.7
v 1.6 0.6 0.7
v 1.8 0.6 0.7
v 1.9 0.6 0.7
v 1.6 0.6 0.6
v 1.8 0.6 0.6
v -1.9 0.9 -0.4
v -1.8 0.9 -0.4
v -1.9 0.9 -0.5
v -1.8 0.9 -0.5
v -0.5 1 -0.1
v 0.3 1 -0.1
v -0.5 1 -0.5
v 0.3 1 -0.5
v -1.9 1.5 -0.5
v -1.8 1.5 -0.5
v -1.9 1.5 -0.6
v -1.8 1.5 -0.6
v -1.9 1.9 -0.4
v -1.8 1.9 -0.4
v -2 1.9 -0.5
v -1.9 1.9 -0.5
v -1.8 1.9 -0.5
v -1.7 1.9 -0.5
v -2 1.9 -0.6
v -1.9 1.9 -0.6
v -1.8 1.9 -0.6
v -1.7 1.9 -0.6
v -1.9 1.9 -0.7
v -1.8 1.9 -0.7
v -0.5 2.3 0.0999999
v -0.3 2.3 0.0999999
v -0.2 2.3 0.0999999
v 2.38419e-07 2.3 0.0999999
v 0.1 2.3 0.0999999
v 0.3 2.3 0.0999999
v -0.3 2.3 -2.38419e-07
v -0.2 2.3 -2.38419e-07
v 2.38419e-07 2.3 -2.38419e-07
v 0.1 2.3 -2.38419e-07
v -0.5 2.3 -0.1
v 0.3 2.3 -0.1
v -0.5 2.3 -0.5
v 0.3 2.3 -0.5
v -0.5 2.3 -0.7
v 0.3 2.3 -0.7
v -2 0.4 2
v 2 0.4 2
v 1.1 0.4 1.9
v 1.2 0.4 1.9
v -0.5 0.4 1.8
v -0.4 0.4 1.8
v 0.6 0.4 1.8
v 0.8 0.4 1.8
v 1.1 0.4 1.8
v 1.2 0.4 1.8
v -1.7 0.4 1.7
v -1.6 0.4 1.7
v 0.5 0.4 1.7
v 0.6 0.4 1.7
v 0.7 0.4 1.7
v 0.8 0.4 1.7
v 1 0.4 1.7
v 1.1 0.4 1.7
v 1.3 0.4 1.7
v 1.4 0.4 1.7
v -1.8 0.4 1.6
v -1.7 0.4 1.6
v -1.6 0.4 1.6
v -1.3 0.4 1.6
v -1.2 0.4 1.6
v -0.4 0.4 1.6
v -0.2 0.4 1.6
v 0.4 0.4 1.6
v 0.5 0.4 1.6
v 0.6 0.4 1.6
v 0.7 0.4 1.6
v 1 0.4 1.6
v 1.1 0.4 1.6
v 1.2 0.4 1.6
v 1.3 0.4 1.6
v 1.4 0.4 1.6
v -1.8 0.4 1.5
v -1.7 0.4 1.5
v -1.6 0.4 1.5
v -1.5 0.4 1.5
v -1.4 0.4 1.5
v -1.3 0.4 1.5
v -1.2 0.4 1.5
v -0.5 0.4 1.5
v -0.3 0.4 1.5
v -0.2 0.4 1.5
v -0.0999999 0.4 1.5
v 0.5 0.4 1.5
v 0.6 0.4 1.5
v 1.2 0.4 1.5
v 1.3 0.4 1.5
v 1.6 0.4 1.5
v 1.8 0.4 1.5
v -1.7 0.4 1.4
v -1.6 0.4 1.4
v -1.5 0.4 1.4
v -1.4 0.4 1.4
v -1.3 0.4 1.4
v -1.2 0.4 1.4
v -1.1 0.4 1.4
v -0.3 0.4 1.4
v -0.2 0.4 1.4
v -0.0999999 0.4 1.4
v 2.38419e-07 0.4 1.4
v 1 0.4 1.4
v 1.1 0.4 1.4
v 1.2 0.4 1.4
v 1.3 0.4 1.4
v 1.4 0.4 1.4
v 1.6 0.4 1.4
v 1.7 0.4 1.4
v 1.8 0.4 1.4
v -1.9 0.4 1.3
v -1.8 0.4 1.3
v -1.7 0.4 1.3
v -1.6 0.4 1.3
v -1.5 0.4 1.3
v -1.2 0.4 1.3
v -1.1 0.4 1.3
v -1 0.4 1.3
v -0.2 0.4 1.3
v -0.0999999 0.4 1.3
v 2.38419e-07 0.4 1.3
v 0.1 0.4 1.3
v 0.8 0.4 1.3
v 0.9 0.4 1.3
v 1 0.4 1.3
v 1.1 0.4 1.3
v 1.2 0.4 1.3
v 1.7 0.4 1.3
v -1.9 0.4 1.2
v -1.8 0.4 1.2
v -1.7 0.4 1.2
v -1.6 0.4 1.2
v -1.5 0.4 1.2
v -1.4 0.4 1.2
v -1.3 0.4 1.2
v -1.1 0.4 1.2
v -1 0.4 1.2
v -0.0999999 0.4 1.2
v 2.38419e-07 0.4 1.2
v 0.3 0.4 1.2
v 0.4 0.4 1.2
v 0.8 0.4 1.2
v 0.9 0.4 1.2
v 1 0.4 1.2
v 1.1 0.4 1.2
v 1.2 0.4 1.2
v 1.3 0.4 1.2
v 1.4 0.4 1.2
v -1.8 0.4 1.1
v -1.7 0.4 1.1
v -1.6 0.4 1.1
v -1.5 0.4 1.1
v -1.4 0.4 1.1
v -1.2 0.4 1.1
v -1.1 0.4 1.1
v -1 0.4 1.1
v -0.9 0.4 1.1
v 0.1 0.4 1.1
v 0.3 0.4 1.1
v 0.4 0.4 1.1
v 0.5 0.4 1.1
v 0.9 0.4 1.1
v 1.1 0.4 1.1
v 1.2 0.4 1.1
v 1.3 0.4 1.1
v 1.4 0.4 1.1
v 1.5 0.4 1.1
v 1.7 0.4 1.1
v 1.8 0.4 1.1
v -1.9 0.4 1
v -1.8 0.4 1
v -1.7 0.4 1
v -1.6 0.4 1
v -1.5 0.4 1
v -1.4 0.4 1
v -1.3 0.4 1
v -1.2 0.4 1
v -1 0.4 1
v -0.9 0.4 1
v -0.0999999 0.4 1
v 2.38419e-07 0.4 1
v 0.2 0.4 1
v 0.4 0.4 1
v 1 0.4 1
v 1.1 0.4 1
v 1.2 0.4 1
v 1.3 0.4 1
v 1.4 0.4 1
v 1.5 0.4 1
v 1.6 0.4 1
v 1.7 0.4 1
v 1.8 0.4 1
v 1.9 0.4 1
v -2 0.4 0.9
v -1.9 0.4 0.9
v -1.8 0.4 0.9
v -1.7 0.4 0.9
v -1.6 0.4 0.9
v -1.5 0.4 0.9
v -1.4 0.4 0.9
v -1.3 0.4 0.9
v -1.2 0.4 0.9
v -1 0.4 0.9
v -0.9 0.4 0.9
v -0.5 0.4 0.9
v -0.0999999 0.4 0.9
v 2.38419e-07 0.4 0.9
v 0.2 0.4 0.9
v 0.9 0.4 0.9
v 1 0.4 0.9
v 1.1 0.4 0.9
v 1.2 0.4 0.9
v 1.5 0.4 0.9
v 1.6 0.4 0.9
v -2 0.4 0.8
v -1.9 0.4 0.8
v -1.8 0.4 0.8
v -1.7 0.4 0.8
v -1.6 0.4 0.8
v -1.5 0.4 0.8
v -1.4 0.4 0.8
v -1.3 0.4 0.8
v -1.2 0.4 0.8
v -1 0.4 0.8
v -0.9 0.4 0.8
v -0.7 0.4 0.8
v -0.5 0.4 0.8
v -0.4 0.4 0.8
v 2.38419e-07 0.4 0.8
v 1.2 0.4 0.8
v 1.3 0.4 0.8
v 1.5 0.4 0.8
v 1.6 0.4 0.8
v 1.8 0.4 0.8
v 1.9 0.4 0.8
v -1.9 0.4 0.7
v -1.8 0.4 0.7
v -1.7 0.4 0.7
v -1.6 0.4 0.7
v -1.5 0.4 0.7
v -1.4 0.4 0.7
v -1.3 0.4 0.7
v -1.2 0.4 0.7
v -1.1 0.4 0.7
v -0.8 0.4 0.7
v -0.7 0.4 0.7
v -0.6 0.4 0.7
v -0.4 0.4 0.7
v 1.2 0.4 0.7
v 1.3 0.4 0.7
v 1.6 0.4 0.7
v 1.8 0.4 0.7
v -1.9 0.4 0.6
v -1.8 0.4 0.6
v -1.6 0.4 0.6
v -1.5 0.4 0.6
v -1.4 0.4 0.6
v -1.3 0.4 0.6
v -1.2 0.4 0.6
v -1.1 0.4 0.6
v -0.9 0.4 0.6
v -0.8 0.4 0.6
v -0.7 0.4 0.6
v -0.6 0.4 0.6
v 1 0.4 0.6
v 1.2 0.4 0.6
v -1.9 0.4 0.5
v -1.8 0.4 0.5
v -1.7 0.4 0.5
v -1.6 0.4 0.5
v -1.5 0.4 0.5
v -1.4 0.4 0.5
v -1 0.4 0.5
v -0.9 0.4 0.5
v -0.8 0.4 0.5
v -0.7 0.4 0.5
v 1.1 0.4 0.5
v 1.2 0.4 0.5
v 1.3 0.4 0.5
v 1.4 0.4 0.5
v 1.5 0.4 0.5
v 1.6 0.4 0.5
v 1.8 0.4 0.5
v -2 0.4 0.4
v -1.9 0.4 0.4
v -1.8 0.4 0.4
v -1.7 0.4 0.4
v -1.5 0.4 0.4
v -1.4 0.4 0.4
v -1.3 0.4 0.4
v -1.2 0.4 0.4
v -1 0.4 0.4
v -0.8 0.4 0.4
v 1 0.4 0.4
v 1.1 0.4 0.4
v 1.4 0.4 0.4
v 1.5 0.4 0.4
v 1.6 0.4 0.4
v 1.8 0.4 0.4
v -2 0.4 0.3
v -1.9 0.4 0.3
v -1.8 0.4 0.3
v -1.7 0.4 0.3
v -1.6 0.4 0.3
v -1.5 0.4 0.3
v -1.4 0.4 0.3
v -1.1 0.4 0.3
v -1 0.4 0.3
v -0.5 0.4 0.3
v -0.4 0.4 0.3
v -0.3 0.4 0.3
v -0.2 0.4 0.3
v -0.0999999 0.4 0.3
v 2.38419e-07 0.4 0.3
v 0.1 0.4 0.3
v 0.2 0.4 0.3
v 0.3 0.4 0.3
v 0.9 0.4 0.3
v 1 0.4 0.3
v 1.1 0.4 0.3
v 1.2 0.4 0.3
v 1.3 0.4 0.3
v 1.4 0.4 0.3
v 1.5 0.4 0.3
v 1.7 0.4 0.3
v -1.9 0.4 0.2
v -1.8 0.4 0.2
v -1.6 0.4 0.2
v -1.5 0.4 0.2
v -1.4 0.4 0.2
v -1.3 0.4 0.2
v -1.2 0.4 0.2
v -1.1 0.4 0.2
v -1 0.4 0.2
v -0.5 0.4 0.2
v 0.3 0.4 0.2
v 0.9 0.4 0.2
v 1 0.4 0.2
v 1.3 0.4 0.2
v 1.4 0.4 0.2
v 1.5 0.4 0.2
v 1.7 0.4 0.2
v -1.9 0.4 0.0999999
v -1.7 0.4 0.0999999
v -1.6 0.4 0.0999999
v -1.5 0.4 0.0999999
v -1.2 0.4 0.0999999
v -1.1 0.4 0.0999999
v 1.1 0.4 0.0999999
v 1.2 0.4 0.0999999
v 1.3 0.4 0.0999999
v 1.4 0.4 0.0999999
v 1.6 0.4 0.0999999
v -1.9 0.4 -2.38419e-07
v -1.7 0.4 -2.38419e-07
v -1.6 0.4 -2.38419e-07
v -1.5 0.4 -2.38419e-07
v -1.4 0.4 -2.38419e-07
v -1.3 0.4 -2.38419e-07
v -1.2 0.4 -2.38419e-07
v 1.4 0.4 -2.38419e-07
v 1.6 0.4 -2.38419e-07
v -1.8 0.4 -0.1
v -1.6 0.4 -0.1
v -1.5 0.4 -0.1
v -1.3 0.4 -0.1
v -1.1 0.4 -0.1
v -0.5 0.4 -0.1
v 0.3 0.4 -0.1
v 1 0.4 -0.1
v 1.1 0.4 -0.1
v 1.2 0.4 -0.1
v 1.3 0.4 -0.1
v -1.9 0.4 -0.2
v -1.8 0.4 -0.2
v -1.6 0.4 -0.2
v -1.5 0.4 -0.2
v -1.4 0.4 -0.2
v -1.3 0.4 -0.2
v 1 0.4 -0.2
v 1.1 0.4 -0.2
v 1.4 0.4 -0.2
v 1.5 0.4 -0.2
v -1.9 0.4 -0.3
v -1.8 0.4 -0.3
v -1.7 0.4 -0.3
v -1.6 0.4 -0.3
v -1.5 0.4 -0.3
v -1.4 0.4 -0.3
v -1.3 0.4 -0.3
v 0.8 0.4 -0.3
v 0.9 0.4 -0.3
v 1.3 0.4 -0.3
v 1.4 0.4 -0.3
v 1.5 0.4 -0.3
v -1.9 0.4 -0.4
v -1.8 0.4 -0.4
v -1.7 0.4 -0.4
v -1.6 0.4 -0.4
v -1.3 0.4 -0.4
v -1.2 0.4 -0.4
v -1.1 0.4 -0.4
v -1 0.4 -0.4
v 0.8 0.4 -0.4
v 0.9 0.4 -0.4
v 1.1 0.4 -0.4
v 1.2 0.4 -0.4
v 1.3 0.4 -0.4
v 1.4 0.4 -0.4
v 1.5 0.4 -0.4
v 1.6 0.4 -0.4
v -1.9 0.4 -0.5
v -1.8 0.4 -0.5
v -1 0.4 -0.5
v -0.9 0.4 -0.5
v -0.5 0.4 -0.5
v -0.4 0.4 -0.5
v -0.3 0.4 -0.5
v -0.2 0.4 -0.5
v -0.0999999 0.4 -0.5
v 2.38419e-07 0.4 -0.5
v 0.1 0.4 -0.5
v 0.2 0.4 -0.5
v 0.3 0.4 -0.5
v 0.9 0.4 -0.5
v 1 0.4 -0.5
v 1.2 0.4 -0.5
v 1.3 0.4 -0.5
v 1.4 0.4 -0.5
v 1.5 0.4 -0.5
v 1.6 0.4 -0.5
v -1.8 0.4 -0.6
v -1.6 0.4 -0.6
v -1.5 0.4 -0.6
v -1.4 0.4 -0.6
v -1.3 0.4 -0.6
v -1.2 0.4 -0.6
v -1.1 0.4 -0.6
v -0.9 0.4 -0.6
v -0.5 0.4 -0.6
v 0.3 0.4 -0.6
v 0.9 0.4 -0.6
v 1 0.4 -0.6
v 1.2 0.4 -0.6
v 1.3 0.4 -0.6
v 1.4 0.4 -0.6
v 1.5 0.4 -0.6
v 1.6 0.4 -0.6
v -1.4 0.4 -0.7
v -1.3 0.4 -0.7
v -1.2 0.4 -0.7
v -1.1 0.4 -0.7
v -1 0.4 -0.7
v -0.8 0.4 -0.7
v 0.8 0.4 -0.7
v 0.9 0.4 -0.7
v 1.1 0.4 -0.7
v 1.2 0.4 -0.7
v 1.3 0.4 -0.7
v 1.4 0.4 -0.7
v 1.5 0.4 -0.7
v 1.6 0.4 -0.7
v 1.7 0.4 -0.7
v -1.7 0.4 -0.8
v -1.2 0.4 -0.8
v -1.1 0.4 -0.8
v -1 0.4 -0.8
v -0.8 0.4 -0.8
v -0.7 0.4 -0.8
v -0.6 0.4 -0.8
v 0.8 0.4 -0.8
v 0.9 0.4 -0.8
v 1 0.4 -0.8
v 1.3 0.4 -0.8
v 1.4 0.4 -0.8
v 1.5 0.4 -0.8
v 1.6 0.4 -0.8
v 1.7 0.4 -0.8
v -1.8 0.4 -0.9
v -1.7 0.4 -0.9
v -1.6 0.4 -0.9
v -1.4 0.4 -0.9
v -1.3 0.4 -0.9
v -1.2 0.4 -0.9
v -1.1 0.4 -0.9
v -1 0.4 -0.9
v -0.7 0.4 -0.9
v -0.6 0.4 -0.9
v -0.5 0.4 -0.9
v 0.3 0.4 -0.9
v 0.9 0.4 -0.9
v 1 0.4 -0.9
v 1.1 0.4 -0.9
v 1.2 0.4 -0.9
v 1.3 0.4 -0.9
v 1.4 0.4 -0.9
v 1.5 0.4 -0.9
v -1.8 0.4 -1
v -1.6 0.4 -1
v -1.3 0.4 -1
v -1.2 0.4 -1
v -0.0999999 0.4 -1
v 2.38419e-07 0.4 -1
v 1 0.4 -1
v 1.1 0.4 -1
v 1.2 0.4 -1
v 1.3 0.4 -1
v 1.4 0.4 -1
v 1.5 0.4 -1
v 1.6 0.4 -1
v -1.3 0.4 -1.1
v -1.2 0.4 -1.1
v -1.1 0.4 -1.1
v -1 0.4 -1.1
v 0.1 0.4 -1.1
v 0.2 0.4 -1.1
v 1 0.4 -1.1
v 1.1 0.4 -1.1
v 1.4 0.4 -1.1
v 1.5 0.4 -1.1
v 1.6 0.4 -1.1
v -1.7 0.4 -1.2
v -1.6 0.4 -1.2
v -1.5 0.4 -1.2
v -1.4 0.4 -1.2
v -1.3 0.4 -1.2
v -1.2 0.4 -1.2
v -1 0.4 -1.2
v -0.9 0.4 -1.2
v -0.0999999 0.4 -1.2
v 2.38419e-07 0.4 -1.2
v 0.3 0.4 -1.2
v 0.4 0.4 -1.2
v 0.8 0.4 -1.2
v 0.9 0.4 -1.2
v 1.4 0.4 -1.2
v 1.5 0.4 -1.2
v -1.7 0.4 -1.3
v -1.6 0.4 -1.3
v -1.5 0.4 -1.3
v -1.4 0.4 -1.3
v -1.3 0.4 -1.3
v -1.2 0.4 -1.3
v -1.1 0.4 -1.3
v -1 0.4 -1.3
v -0.0999999 0.4 -1.3
v 2.38419e-07 0.4 -1.3
v 0.1 0.4 -1.3
v 0.2 0.4 -1.3
v 0.6 0.4 -1.3
v 0.7 0.4 -1.3
v 0.8 0.4 -1.3
v 0.9 0.4 -1.3
v 1.1 0.4 -1.3
v 1.2 0.4 -1.3
v -1.6 0.4 -1.4
v -1.5 0.4 -1.4
v -1.4 0.4 -1.4
v -1.3 0.4 -1.4
v -1.2 0.4 -1.4
v -1.1 0.4 -1.4
v -0.7 0.4 -1.4
v -0.6 0.4 -1.4
v -0.2 0.4 -1.4
v -0.0999999 0.4 -1.4
v 2.38419e-07 0.4 -1.4
v 0.1 0.4 -1.4
v 0.2 0.4 -1.4
v 0.3 0.4 -1.4
v 0.4 0.4 -1.4
v 0.6 0.4 -1.4
v 0.7 0.4 -1.4
v 0.8 0.4 -1.4
v 1.1 0.4 -1.4
v 1.2 0.4 -1.4
v 1.4 0.4 -1.4
v 1.5 0.4 -1.4
v -1.5 0.4 -1.5
v -1.4 0.4 -1.5
v -1.3 0.4 -1.5
v -1 0.4 -1.5
v -0.8 0.4 -1.5
v -0.7 0.4 -1.5
v -0.6 0.4 -1.5
v -0.4 0.4 -1.5
v -0.3 0.4 -1.5
v -0.2 0.4 -1.5
v -0.0999999 0.4 -1.5
v 0.1 0.4 -1.5
v 0.2 0.4 -1.5
v 0.3 0.4 -1.5
v 0.5 0.4 -1.5
v 0.7 0.4 -1.5
v 0.8 0.4 -1.5
v 0.9 0.4 -1.5
v 1.1 0.4 -1.5
v 1.2 0.4 -1.5
v 1.3 0.4 -1.5
v 1.4 0.4 -1.5
v 1.5 0.4 -1.5
v 1.6 0.4 -1.5
v -1.3 0.4 -1.6
v -1.2 0.4 -1.6
v -1.1 0.4 -1.6
v -1 0.4 -1.6
v -0.8 0.4 -1.6
v -0.7 0.4 -1.6
v -0.6 0.4 -1.6
v -0.4 0.4 -1.6
v -0.3 0.4 -1.6
v 0.1 0.4 -1.6
v 0.3 0.4 -1.6
v 0.5 0.4 -1.6
v 0.8 0.4 -1.6
v 0.9 0.4 -1.6
v 1.1 0.4 -1.6
v 1.2 0.4 -1.6
v 1.3 0.4 -1.6
v 1.4 0.4 -1.6
v 1.5 0.4 -1.6
v 1.6 0.4 -1.6
v -1.2 0.4 -1.7
v -1.1 0.4 -1.7
v -1 0.4 -1.7
v -0.9 0.4 -1.7
v -0.8 0.4 -1.7
v -0.7 0.4 -1.7
v -0.6 0.4 -1.7
v -0.5 0.4 -1.7
v -0.4 0.4 -1.7
v -0.3 0.4 -1.7
v -0.2 0.4 -1.7
v 2.38419e-07 0.4 -1.7
v 0.1 0.4 -1.7
v 0.3 0.4 -1.7
v 0.5 0.4 -1.7
v 0.6 0.4 -1.7
v 0.8 0.4 -1.7
v 0.9 0.4 -1.7
v 1.2 0.4 -1.7
v 1.3 0.4 -1.7
v 1.4 0.4 -1.7
v -1.3 0.4 -1.8
v -1.2 0.4 -1.8
v -1 0.4 -1.8
v -0.9 0.4 -1.8
v -0.8 0.4 -1.8
v -0.7 0.4 -1.8
v -0.6 0.4 -1.8
v -0.5 0.4 -1.8
v -0.0999999 0.4 -1.8
v 2.38419e-07 0.4 -1.8
v 0.1 0.4 -1.8
v 0.2 0.4 -1.8
v 0.5 0.4 -1.8
v 0.6 0.4 -1.8
v 1.1 0.4 -1.8
v 1.3 0.4 -1.8
v 1.4 0.4 -1.8
v -1.3 0.4 -1.9
v -1.2 0.4 -1.9
v -1 0.4 -1.9
v -0.9 0.4 -1.9
v -0.8 0.4 -1.9
v -0.6 0.4 -1.9
v -0.5 0.4 -1.9
v -0.2 0.4 -1.9
v -0.0999999 0.4 -1.9
v 0.1 0.4 -1.9
v 0.2 0.4 -1.9
v 0.7 0.4 -1.9
v 0.8 0.4 -1.9
v 0.9 0.4 -1.9
v 1.1 0.4 -1.9
v 1.3 0.4 -1.9
v 1.4 0.4 -1.9
v 1.5 0.4 -1.9
v -2 0.4 -2
v -0.9 0.4 -2
v -0.8 0.4 -2
v -0.7 0.4 -2
v -0.5 0.4 -2
v 0.7 0.4 -2
v 0.8 0.4 -2
v 1.4 0.4 -2
v 1.5 0.4 -2
v 2 0.4 -2
v 1.1 0.5 1.9
v 1.2 0.5 1.9
v 1.1 0.5 1.8
v 1.2 0.5 1.8
v -1.7 0.5 1.7
v -1.6 0.5 1.7
v 1 0.5 1.7
v 1.1 0.5 1.7
v 1.3 0.5 1.7
v 1.4 0.5 1.7
v -1.7 0.5 1.6
v -1.6 0.5 1.6
v -1.3 0.5 1.6
v -1.2 0.5 1.6
v 1 0.5 1.6
v 1.1 0.5 1.6
v 1.3 0.5 1.6
v 1.4 0.5 1.6
v -1.7 0.5 1.5
v -1.6 0.5 1.5
v -1.3 0.5 1.5
v -1.2 0.5 1.5
v 1.3 0.5 1.5
v 1.7 0.5 1.5
v 1.8 0.5 1.5
v -1.7 0.5 1.4
v -1.6 0.5 1.4
v -1.5 0.5 1.4
v -1.4 0.5 1.4
v -1.3 0.5 1.4
v 1.3 0.5 1.4
v 1.4 0.5 1.4
v 1.5 0.5 1.4
v 1.6 0.5 1.4
v 1.7 0.5 1.4
v 1.8 0.5 1.4
v -1.9 0.5 1.3
v -1.8 0.5 1.3
v -1.6 0.5 1.3
v -1.5 0.5 1.3
v -1.4 0.5 1.3
v -1.3 0.5 1.3
v -1.1 0.5 1.3
v -1 0.5 1.3
v 0.8 0.5 1.3
v 0.9 0.5 1.3
v 1 0.5 1.3
v 1.1 0.5 1.3
v 1.2 0.5 1.3
v 1.5 0.5 1.3
v 1.6 0.5 1.3
v -1.9 0.5 1.2
v -1.8 0.5 1.2
v -1.7 0.5 1.2
v -1.5 0.5 1.2
v -1.4 0.5 1.2
v -1.2 0.5 1.2
v -1.1 0.5 1.2
v -1 0.5 1.2
v 0.8 0.5 1.2
v 0.9 0.5 1.2
v 1 0.5 1.2
v 1.1 0.5 1.2
v 1.2 0.5 1.2
v 1.3 0.5 1.2
v 1.4 0.5 1.2
v -1.8 0.5 1.1
v -1.7 0.5 1.1
v -1.5 0.5 1.1
v -1.4 0.5 1.1
v -1.2 0.5 1.1
v -1.1 0.5 1.1
v -1 0.5 1.1
v -0.9 0.5 1.1
v 1.3 0.5 1.1
v 1.4 0.5 1.1
v 1.5 0.5 1.1
v 1.7 0.5 1.1
v 1.8 0.5 1.1
v -1.9 0.5 1
v -1.8 0.5 1
v -1.7 0.5 1
v -1.6 0.5 1
v -1.4 0.5 1
v -1.3 0.5 1
v -1.2 0.5 1
v -1.1 0.5 1
v -1 0.5 1
v -0.9 0.5 1
v 0.9 0.5 1
v 1 0.5 1
v 1.1 0.5 1
v 1.2 0.5 1
v 1.3 0.5 1
v 1.4 0.5 1
v 1.5 0.5 1
v 1.7 0.5 1
v 1.8 0.5 1
v 1.9 0.5 1
v -2 0.5 0.9
v -1.9 0.5 0.9
v -1.8 0.5 0.9
v -1.7 0.5 0.9
v -1.6 0.5 0.9
v -1.5 0.5 0.9
v -1.4 0.5 0.9
v -1.3 0.5 0.9
v -1.2 0.5 0.9
v -1.1 0.5 0.9
v -1 0.5 0.9
v -0.9 0.5 0.9
v 0.9 0.5 0.9
v 1 0.5 0.9
v 1.1 0.5 0.9
v 1.2 0.5 0.9
v 1.3 0.5 0.9
v 1.4 0.5 0.9
v 1.5 0.5 0.9
v 1.6 0.5 0.9
v -2 0.5 0.8
v -1.9 0.5 0.8
v -1.7 0.5 0.8
v -1.6 0.5 0.8
v -1.5 0.5 0.8
v -1.4 0.5 0.8
v -1.3 0.5 0.8
v -1.2 0.5 0.8
v -1 0.5 0.8
v -0.9 0.5 0.8
v 1.5 0.5 0.8
v 1.6 0.5 0.8
v 1.8 0.5 0.8
v 1.9 0.5 0.8
v -1.9 0.5 0.7
v -1.8 0.5 0.7
v -1.3 0.5 0.7
v -1.2 0.5 0.7
v -1.1 0.5 0.7
v 1.3 0.5 0.7
v 1.4 0.5 0.7
v 1.6 0.5 0.7
v 1.8 0.5 0.7
v -1.9 0.5 0.6
v -1.8 0.5 0.6
v -1.7 0.5 0.6
v -1.6 0.5 0.6
v -1.5 0.5 0.6
v -1.4 0.5 0.6
v -1.3 0.5 0.6
v -1.2 0.5 0.6
v -1.1 0.5 0.6
v 1 0.5 0.6
v 1.2 0.5 0.6
v 1.3 0.5 0.6
v 1.4 0.5 0.6
v -1.9 0.5 0.5
v -1.8 0.5 0.5
v -1.7 0.5 0.5
v -1.6 0.5 0.5
v -1.5 0.5 0.5
v -1.4 0.5 0.5
v 1 0.5 0.5
v 1.1 0.5 0.5
v 1.2 0.5 0.5
v 1.4 0.5 0.5
v 1.5 0.5 0.5
v 1.6 0.5 0.5
v 1.7 0.5 0.5
v -1.9 0.5 0.4
v -1.8 0.5 0.4
v -1.7 0.5 0.4
v -1.6 0.5 0.4
v -1.4 0.5 0.4
v -1.3 0.5 0.4
v 1.4 0.5 0.4
v 1.5 0.5 0.4
v 1.6 0.5 0.4
v 1.7 0.5 0.4
v -1.8 0.5 0.3
v -1.7 0.5 0.3
v -1.5 0.5 0.3
v -1.4 0.5 0.3
v -1.3 0.5 0.3
v -1.2 0.5 0.3
v -1.1 0.5 0.3
v -1 0.5 0.3
v 0.9 0.5 0.3
v 1 0.5 0.3
v 1.1 0.5 0.3
v 1.2 0.5 0.3
v 1.3 0.5 0.3
v 1.4 0.5 0.3
v 1.6 0.5 0.3
v 1.7 0.5 0.3
v -1.8 0.5 0.2
v -1.7 0.5 0.2
v -1.5 0.5 0.2
v -1.4 0.5 0.2
v -1.3 0.5 0.2
v -1.2 0.5 0.2
v -1.1 0.5 0.2
v -1 0.5 0.2
v 0.9 0.5 0.2
v 1 0.5 0.2
v 1.1 0.5 0.2
v 1.2 0.5 0.2
v 1.3 0.5 0.2
v 1.4 0.5 0.2
v 1.6 0.5 0.2
v 1.7 0.5 0.2
v -1.8 0.5 0.0999999
v -1.7 0.5 0.0999999
v -1.6 0.5 0.0999999
v -1.5 0.5 0.0999999
v 1.2 0.5 0.0999999
v 1.3 0.5 0.0999999
v 1.5 0.5 0.0999999
v 1.6 0.5 0.0999999
v -1.8 0.5 -2.38419e-07
v -1.7 0.5 -2.38419e-07
v -1.6 0.5 -2.38419e-07
v -1.5 0.5 -2.38419e-07
v -1.3 0.5 -2.38419e-07
v -1.2 0.5 -2.38419e-07
v -1.1 0.5 -2.38419e-07
v 1.5 0.5 -2.38419e-07
v 1.6 0.5 -2.38419e-07
v -1.8 0.5 -0.1
v -1.7 0.5 -0.1
v -1.6 0.5 -0.1
v -1.5 0.5 -0.1
v -1.4 0.5 -0.1
v -1.3 0.5 -0.1
v -1.1 0.5 -0.1
v 1 0.5 -0.1
v 1.1 0.5 -0.1
v 1.2 0.5 -0.1
v 1.3 0.5 -0.1
v -1.9 0.5 -0.2
v -1.8 0.5 -0.2
v -1.7 0.5 -0.2
v -1.6 0.5 -0.2
v -1.5 0.5 -0.2
v -1.4 0.5 -0.2
v 1 0.5 -0.2
v 1.1 0.5 -0.2
v -1.9 0.5 -0.3
v -1.8 0.5 -0.3
v -1.7 0.5 -0.3
v -1.6 0.5 -0.3
v -1.5 0.5 -0.3
v 0.8 0.5 -0.3
v 0.9 0.5 -0.3
v 1.3 0.5 -0.3
v 1.4 0.5 -0.3
v -1.8 0.5 -0.4
v -1.7 0.5 -0.4
v -1.6 0.5 -0.4
v -1.5 0.5 -0.4
v -1.4 0.5 -0.4
v -1.3 0.5 -0.4
v -1.2 0.5 -0.4
v -1.1 0.5 -0.4
v -1 0.5 -0.4
v 0.8 0.5 -0.4
v 0.9 0.5 -0.4
v 1 0.5 -0.4
v 1.1 0.5 -0.4
v 1.2 0.5 -0.4
v 1.3 0.5 -0.4
v 1.4 0.5 -0.4
v 1.5 0.5 -0.4
v 1.6 0.5 -0.4
v -1.8 0.5 -0.5
v -1.7 0.5 -0.5
v -1.6 0.5 -0.5
v -1.3 0.5 -0.5
v -1.2 0.5 -0.5
v -1.1 0.5 -0.5
v -1 0.5 -0.5
v 1 0.5 -0.5
v 1.1 0.5 -0.5
v 1.2 0.5 -0.5
v 1.3 0.5 -0.5
v 1.5 0.5 -0.5
v 1.6 0.5 -0.5
v -1.8 0.5 -0.6
v -1.7 0.5 -0.6
v -1.5 0.5 -0.6
v -1.4 0.5 -0.6
v -1.3 0.5 -0.6
v 0.9 0.5 -0.6
v 1 0.5 -0.6
v 1.2 0.5 -0.6
v 1.3 0.5 -0.6
v 1.5 0.5 -0.6
v 1.6 0.5 -0.6
v -1.4 0.5 -0.7
v -1.3 0.5 -0.7
v -1.2 0.5 -0.7
v -1.1 0.5 -0.7
v -1 0.5 -0.7
v -0.8 0.5 -0.7
v 0.8 0.5 -0.7
v 0.9 0.5 -0.7
v 1 0.5 -0.7
v 1.2 0.5 -0.7
v 1.3 0.5 -0.7
v 1.5 0.5 -0.7
v 1.6 0.5 -0.7
v 1.7 0.5 -0.7
v -1.6 0.5 -0.8
v -1.5 0.5 -0.8
v -1.2 0.5 -0.8
v -1.1 0.5 -0.8
v -1 0.5 -0.8
v -0.8 0.5 -0.8
v -0.7 0.5 -0.8
v -0.6 0.5 -0.8
v 0.8 0.5 -0.8
v 0.9 0.5 -0.8
v 1.1 0.5 -0.8
v 1.2 0.5 -0.8
v 1.3 0.5 -0.8
v 1.4 0.5 -0.8
v 1.6 0.5 -0.8
v 1.7 0.5 -0.8
v -1.8 0.5 -0.9
v -1.7 0.5 -0.9
v -1.6 0.5 -0.9
v -1.5 0.5 -0.9
v -1.4 0.5 -0.9
v -1.3 0.5 -0.9
v -0.7 0.5 -0.9
v -0.6 0.5 -0.9
v 1.1 0.5 -0.9
v 1.2 0.5 -0.9
v 1.3 0.5 -0.9
v 1.4 0.5 -0.9
v 1.5 0.5 -0.9
v -1.8 0.5 -1
v -1.7 0.5 -1
v -1.3 0.5 -1
v -0.0999999 0.5 -1
v 2.38419e-07 0.5 -1
v 1 0.5 -1
v 1.1 0.5 -1
v 1.4 0.5 -1
v 1.5 0.5 -1
v -1.3 0.5 -1.1
v -1.1 0.5 -1.1
v -1 0.5 -1.1
v 0.1 0.5 -1.1
v 0.2 0.5 -1.1
v 1 0.5 -1.1
v 1.1 0.5 -1.1
v 1.4 0.5 -1.1
v 1.5 0.5 -1.1
v -1.4 0.5 -1.2
v -1.3 0.5 -1.2
v -1.2 0.5 -1.2
v -1.1 0.5 -1.2
v -1 0.5 -1.2
v -0.0999999 0.5 -1.2
v 2.38419e-07 0.5 -1.2
v 0.3 0.5 -1.2
v 0.4 0.5 -1.2
v 0.8 0.5 -1.2
v 0.9 0.5 -1.2
v 1.4 0.5 -1.2
v 1.5 0.5 -1.2
v -1.6 0.5 -1.3
v -1.5 0.5 -1.3
v -1.3 0.5 -1.3
v -1.2 0.5 -1.3
v -1 0.5 -1.3
v -0.9 0.5 -1.3
v -0.0999999 0.5 -1.3
v 2.38419e-07 0.5 -1.3
v 0.1 0.5 -1.3
v 0.2 0.5 -1.3
v 0.3 0.5 -1.3
v 0.4 0.5 -1.3
v 0.8 0.5 -1.3
v 0.9 0.5 -1.3
v 1.1 0.5 -1.3
v 1.2 0.5 -1.3
v -1.6 0.5 -1.4
v -1.5 0.5 -1.4
v -1 0.5 -1.4
v -0.9 0.5 -1.4
v -0.7 0.5 -1.4
v -0.6 0.5 -1.4
v -0.0999999 0.5 -1.4
v 2.38419e-07 0.5 -1.4
v 0.1 0.5 -1.4
v 0.2 0.5 -1.4
v 0.7 0.5 -1.4
v 0.8 0.5 -1.4
v 1.1 0.5 -1.4
v 1.2 0.5 -1.4
v -1.3 0.5 -1.5
v -1 0.5 -1.5
v -0.8 0.5 -1.5
v -0.7 0.5 -1.5
v -0.6 0.5 -1.5
v -0.4 0.5 -1.5
v -0.3 0.5 -1.5
v -0.2 0.5 -1.5
v -0.0999999 0.5 -1.5
v 2.38419e-07 0.5 -1.5
v 0.1 0.5 -1.5
v 0.2 0.5 -1.5
v 0.3 0.5 -1.5
v 0.5 0.5 -1.5
v 0.7 0.5 -1.5
v 0.8 0.5 -1.5
v 0.9 0.5 -1.5
v 1.3 0.5 -1.5
v 1.4 0.5 -1.5
v 1.5 0.5 -1.5
v 1.6 0.5 -1.5
v -1.3 0.5 -1.6
v -1.2 0.5 -1.6
v -1.1 0.5 -1.6
v -1 0.5 -1.6
v -0.8 0.5 -1.6
v -0.7 0.5 -1.6
v -0.6 0.5 -1.6
v -0.4 0.5 -1.6
v -0.3 0.5 -1.6
v -0.2 0.5 -1.6
v -0.0999999 0.5 -1.6
v 2.38419e-07 0.5 -1.6
v 0.1 0.5 -1.6
v 0.2 0.5 -1.6
v 0.3 0.5 -1.6
v 0.5 0.5 -1.6
v 0.8 0.5 -1.6
v 0.9 0.5 -1.6
v 1.2 0.5 -1.6
v 1.3 0.5 -1.6
v 1.4 0.5 -1.6
v 1.5 0.5 -1.6
v 1.6 0.5 -1.6
v -0.9 0.5 -1.7
v -0.8 0.5 -1.7
v -0.6 0.5 -1.7
v -0.5 0.5 -1.7
v -0.4 0.5 -1.7
v -0.3 0.5 -1.7
v -0.2 0.5 -1.7
v 2.38419e-07 0.5 -1.7
v 0.1 0.5 -1.7
v 0.2 0.5 -1.7
v 0.5 0.5 -1.7
v 0.6 0.5 -1.7
v 0.8 0.5 -1.7
v 0.9 0.5 -1.7
v 1.2 0.5 -1.7
v 1.3 0.5 -1.7
v -1.3 0.5 -1.8
v -1.2 0.5 -1.8
v -0.9 0.5 -1.8
v -0.8 0.5 -1.8
v -0.6 0.5 -1.8
v -0.5 0.5 -1.8
v -0.0999999 0.5 -1.8
v 2.38419e-07 0.5 -1.8
v 0.1 0.5 -1.8
v 0.2 0.5 -1.8
v 0.5 0.5 -1.8
v 0.6 0.5 -1.8
v 0.8 0.5 -1.8
v 0.9 0.5 -1.8
v 1.2 0.5 -1.8
v 1.3 0.5 -1.8
v -1.3 0.5 -1.9
v -1.2 0.5 -1.9
v -0.9 0.5 -1.9
v -0.8 0.5 -1.9
v -0.6 0.5 -1.9
v -0.5 0.5 -1.9
v -0.2 0.5 -1.9
v -0.0999999 0.5 -1.9
v 0.1 0.5 -1.9
v 0.2 0.5 -1.9
v 0.7 0.5 -1.9
v 0.8 0.5 -1.9
v 1.2 0.5 -1.9
v 1.3 0.5 -1.9
v 1.4 0.5 -1.9
v 1.5 0.5 -1.9
v -0.9 0.5 -2
v -0.8 0.5 -2
v -0.6 0.5 -2
v -0.5 0.5 -2
v 0.7 0.5 -2
v 0.8 0.5 -2
v 1.4 0.5 -2
v 1.5 0.5 -2
v -1.8 0.6 1.6
v -1.7 0.6 1.6
v 1.2 0.6 1.6
v 1.3 0.6 1.6
v -1.8 0.6 1.5
v -1.7 0.6 1.5
v 1.2 0.6 1.5
v 1.3 0.6 1.5
v 1.6 0.6 1.5
v 1.7 0.6 1.5
v -1.2 0.6 1.4
v -1.1 0.6 1.4
v 1.3 0.6 1.4
v 1.4 0.6 1.4
v 1.6 0.6 1.4
v 1.7 0.6 1.4
v -1.2 0.6 1.3
v -1.1 0.6 1.3
v 1.3 0.6 1.3
v 1.4 0.6 1.3
v 1.6 0.6 1.3
v 1.7 0.6 1.3
v -1.3 0.6 1.2
v -1.2 0.6 1.2
v -1.6 0.6 1.1
v -1.5 0.6 1.1
v -1.3 0.6 1.1
v -1.2 0.6 1.1
v 1.2 0.6 1.1
v 1.3 0.6 1.1
v -1.6 0.6 1
v -1.5 0.6 1
v 1.2 0.6 1
v 1.3 0.6 1
v 1.3 0.6 0.9
v 1.4 0.6 0.9
v -1.8 0.6 0.8
v -1.7 0.6 0.8
v -1.6 0.6 0.8
v -1.5 0.6 0.8
v 1.2 0.6 0.8
v 1.3 0.6 0.8
v 1.4 0.6 0.8
v -1.8 0.6 0.7
v -1.7 0.6 0.7
v -1.6 0.6 0.7
v -1.5 0.6 0.7
v -1.4 0.6 0.7
v -1.3 0.6 0.7
v 1.2 0.6 0.7
v 1.4 0.6 0.7
v -1.6 0.6 0.6
v -1.5 0.6 0.6
v -1.4 0.6 0.6
v -1.3 0.6 0.6
v 1 0.6 0.5
v 1.1 0.6 0.5
v 1.2 0.6 0.5
v 1.3 0.6 0.5
v 1.7 0.6 0.5
v 1.8 0.6 0.5
v -2 0.6 0.4
v -1.9 0.6 0.4
v 1 0.6 0.4
v 1.1 0.6 0.4
v 1.2 0.6 0.4
v 1.3 0.6 0.4
v 1.7 0.6 0.4
v 1.8 0.6 0.4
v -2 0.6 0.3
v -1.9 0.6 0.3
v -1.7 0.6 0.3
v -1.6 0.6 0.3
v 1.5 0.6 0.3
v 1.6 0.6 0.3
v -1.7 0.6 0.2
v -1.6 0.6 0.2
v 1.5 0.6 0.2
v 1.6 0.6 0.2
v -1.9 0.6 0.0999999
v -1.8 0.6 0.0999999
v -1.4 0.6 0.0999999
v -1.3 0.6 0.0999999
v -1.2 0.6 0.0999999
v -1.1 0.6 0.0999999
v -1.9 0.6 -2.38419e-07
v -1.8 0.6 -2.38419e-07
v -1.4 0.6 -2.38419e-07
v -1.3 0.6 -2.38419e-07
v -1.2 0.6 -2.38419e-07
v -1.1 0.6 -2.38419e-07
v -1.7 0.6 -0.1
v -1.6 0.6 -0.1
v -1.7 0.6 -0.2
v -1.6 0.6 -0.2
v -1.5 0.6 -0.2
v -1.3 0.6 -0.2
v 1.4 0.6 -0.2
v 1.5 0.6 -0.2
v -1.4 0.6 -0.3
v -1.3 0.6 -0.3
v 1.4 0.6 -0.3
v 1.5 0.6 -0.3
v -1.9 0.6 -0.4
v -1.8 0.6 -0.4
v -1.5 0.6 -0.4
v -1.4 0.6 -0.4
v 0.9 0.6 -0.4
v 1 0.6 -0.4
v -1.9 0.6 -0.5
v -1.8 0.6 -0.5
v -1.7 0.6 -0.5
v -1.6 0.6 -0.5
v -1.3 0.6 -0.5
v -1.2 0.6 -0.5
v 0.9 0.6 -0.5
v 1 0.6 -0.5
v 1.3 0.6 -0.5
v 1.4 0.6 -0.5
v -1.7 0.6 -0.6
v -1.6 0.6 -0.6
v -1.3 0.6 -0.6
v -1.2 0.6 -0.6
v 1 0.6 -0.6
v 1.1 0.6 -0.6
v 1.3 0.6 -0.6
v 1.4 0.6 -0.6
v 1 0.6 -0.7
v 1.1 0.6 -0.7
v -1.7 0.6 -0.8
v -1.6 0.6 -0.8
v -1.4 0.6 -0.8
v -1.3 0.6 -0.8
v 0.9 0.6 -0.8
v 1 0.6 -0.8
v -1.7 0.6 -0.9
v -1.6 0.6 -0.9
v -1.4 0.6 -0.9
v -1.3 0.6 -0.9
v 0.9 0.6 -0.9
v 1 0.6 -0.9
v -1.7 0.6 -1
v -1.6 0.6 -1
v -1.3 0.6 -1
v -1.2 0.6 -1
v 1.5 0.6 -1
v 1.6 0.6 -1
v -1.3 0.6 -1.1
v -1.2 0.6 -1.1
v 1.5 0.6 -1.1
v 1.6 0.6 -1.1
v -1.5 0.6 -1.2
v -1.4 0.6 -1.2
v -1.1 0.6 -1.2
v -0.9 0.6 -1.2
v -1.5 0.6 -1.3
v -1.4 0.6 -1.3
v -1.2 0.6 -1.3
v -1.1 0.6 -1.3
v -0.9 0.6 -1.3
v 0.6 0.6 -1.3
v 0.7 0.6 -1.3
v -1.2 0.6 -1.4
v -1.1 0.6 -1.4
v -0.2 0.6 -1.4
v -0.0999999 0.6 -1.4
v 0.6 0.6 -1.4
v 0.7 0.6 -1.4
v 1.4 0.6 -1.4
v 1.5 0.6 -1.4
v -1 0.6 -1.5
v -0.9 0.6 -1.5
v 1.4 0.6 -1.5
v 1.5 0.6 -1.5
v -1.2 0.6 -1.6
v -1.1 0.6 -1.6
v -1 0.6 -1.6
v -0.9 0.6 -1.6
v -0.7 0.6 -1.6
v -0.6 0.6 -1.6
v -0.2 0.6 -1.6
v -0.0999999 0.6 -1.6
v 0.2 0.6 -1.6
v 0.3 0.6 -1.6
v -1.2 0.6 -1.7
v -1.1 0.6 -1.7
v -0.7 0.6 -1.7
v -0.6 0.6 -1.7
v 0.2 0.6 -1.7
v 0.3 0.6 -1.7
v 0.8 0.6 -1.8
v 0.9 0.6 -1.8
v 0.8 0.6 -1.9
v 0.9 0.6 -1.9
v -1.5 0.7 1.5
v -1.4 0.7 1.5
v -1.5 0.7 1.4
v -1.4 0.7 1.4
v 1 0.7 1.4
v 1.1 0.7 1.4
v 1.4 0.7 1.4
v 1.5 0.7 1.4
v -1.7 0.7 1.3
v -1.6 0.7 1.3
v 1 0.7 1.3
v 1.1 0.7 1.3
v 1.4 0.7 1.3
v 1.5 0.7 1.3
v -1.7 0.7 1.2
v -1.6 0.7 1.2
v 1.6 0.7 1.2
v 1.7 0.7 1.2
v 1.8 0.7 1.2
v -1.3 0.7 1.1
v -1.2 0.7 1.1
v 0.9 0.7 1.1
v 1 0.7 1.1
v 1.1 0.7 1.1
v 1.5 0.7 1.1
v 1.6 0.7 1.1
v 1.7 0.7 1.1
v 1.8 0.7 1.1
v 1.9 0.7 1.1
v -1.3 0.7 1
v -1.2 0.7 1
v -1.1 0.7 1
v -1 0.7 1
v 0.9 0.7 1
v 1 0.7 1
v 1.1 0.7 1
v 1.4 0.7 1
v 1.5 0.7 1
v 1.6 0.7 1
v 1.8 0.7 1
v 1.9 0.7 1
v 2 0.7 1
v -1.1 0.7 0.9
v -1 0.7 0.9
v 1.4 0.7 0.9
v 1.5 0.7 0.9
v 1.9 0.7 0.9
v 1.4 0.7 0.8
v 1.5 0.7 0.8
v 1.6 0.7 0.8
v 1.8 0.7 0.8
v 1.9 0.7 0.8
v 2 0.7 0.8
v 1.5 0.7 0.7
v 1.6 0.7 0.7
v 1.7 0.7 0.7
v 1.8 0.7 0.7
v 1.9 0.7 0.7
v -1.8 0.7 0.6
v -1.7 0.7 0.6
v 1.3 0.7 0.6
v 1.4 0.7 0.6
v 1.6 0.7 0.6
v 1.8 0.7 0.6
v -1.8 0.7 0.5
v -1.7 0.7 0.5
v -1.6 0.7 0.5
v -1.5 0.7 0.5
v 1.3 0.7 0.5
v 1.4 0.7 0.5
v -1.6 0.7 0.4
v -1.5 0.7 0.4
v -1.3 0.7 0.4
v -1.2 0.7 0.4
v -1.3 0.7 0.3
v -1.2 0.7 0.3
v 1.1 0.7 0.2
v 1.2 0.7 0.2
v 1.1 0.7 0.0999999
v 1.2 0.7 0.0999999
v 1.4 0.7 0.0999999
v 1.5 0.7 0.0999999
v -1.5 0.7 -2.38419e-07
v -1.4 0.7 -2.38419e-07
v 1.4 0.7 -2.38419e-07
v 1.5 0.7 -2.38419e-07
v -1.5 0.7 -0.1
v -1.4 0.7 -0.1
v -2 0.7 -0.4
v -1.9 0.7 -0.4
v -2 0.7 -0.5
v -1.9 0.7 -0.5
v -1.1 0.7 -0.5
v -1 0.7 -0.5
v -0.9 0.7 -0.5
v 1 0.7 -0.5
v 1.1 0.7 -0.5
v -1.6 0.7 -0.6
v -1.5 0.7 -0.6
v -1.1 0.7 -0.6
v -1 0.7 -0.6
v -0.9 0.7 -0.6
v 1 0.7 -0.6
v 1.1 0.7 -0.6
v -1.6 0.7 -0.7
v -1.5 0.7 -0.7
v 1.4 0.7 -0.7
v 1.5 0.7 -0.7
v -1.5 0.7 -0.8
v -1.4 0.7 -0.8
v -1.1 0.7 -0.8
v -1 0.7 -0.8
v 1.4 0.7 -0.8
v 1.5 0.7 -0.8
v -1.5 0.7 -0.9
v -1.4 0.7 -0.9
v -1.1 0.7 -0.9
v -1 0.7 -0.9
v 1.2 0.7 -0.9
v 1.3 0.7 -0.9
v 1.2 0.7 -1
v 1.3 0.7 -1
v -1.4 0.7 -1.3
v -1.3 0.7 -1.3
v 0.3 0.7 -1.3
v 0.4 0.7 -1.3
v -1.4 0.7 -1.4
v -1.3 0.7 -1.4
v -1 0.7 -1.4
v -0.9 0.7 -1.4
v 0.3 0.7 -1.4
v 0.4 0.7 -1.4
v -1 0.7 -1.5
v -0.9 0.7 -1.5
v 1.1 0.7 -1.5
v 1.2 0.7 -1.5
v 1.1 0.7 -1.6
v 1.2 0.7 -1.6
v 1.3 0.7 -1.7
v 1.4 0.7 -1.7
v -1 0.7 -1.8
v -0.9 0.7 -1.8
v -0.7 0.7 -1.8
v -0.6 0.7 -1.8
v 1.3 0.7 -1.8
v 1.4 0.7 -1.8
v -1 0.7 -1.9
v -0.9 0.7 -1.9
v -0.7 0.7 -1.9
v -0.6 0.7 -1.9
v -0.7 0.7 -2
v -0.6 0.7 -2
v 1.6 0.8 1.1
v 1.8 0.8 1.1
v 1.5 0.8 1
v 1.6 0.8 1
v 1.7 0.8 1
v 1.8 0.8 1
v 1.9 0.8 1
v 1.6 0.8 0.9
v 1.7 0.8 0.9
v 1.8 0.8 0.9
v 1.9 0.8 0.9
v 1.5 0.8 0.8
v 1.6 0.8 0.8
v 1.7 0.8 0.8
v 1.8 0.8 0.8
v 1.9 0.8 0.8
v 1.6 0.8 0.7
v 1.7 0.8 0.7
v 1.8 0.8 0.7
v -1.9 0.8 0.3
v -1.8 0.8 0.3
v -1.9 0.8 0.2
v -1.8 0.8 0.2
v -1.7 0.8 -1.2
v -1.6 0.8 -1.2
v -1.7 0.8 -1.3
v -1.6 0.8 -1.3
v 2.38419e-07 0.8 -1.5
v 0.1 0.8 -1.5
v 2.38419e-07 0.8 -1.6
v 0.1 0.8 -1.6
v 1.2 0.9 1.4
v 1.3 0.9 1.4
v -1.4 0.9 1.3
v -1.3 0.9 1.3
v 1.2 0.9 1.3
v 1.3 0.9 1.3
v -1.4 0.9 1.2
v -1.3 0.9 1.2
v 1.2 0.9 0.4
v 1.3 0.9 0.4
v 1.2 0.9 0.3
v 1.3 0.9 0.3
v -1.4 0.9 0.2
v -1.3 0.9 0.2
v -1.4 0.9 0.0999999
v -1.3 0.9 0.0999999
v -1.8 0.9 -0.4
v -1.7 0.9 -0.4
v -1.8 0.9 -0.5
v -1.7 0.9 -0.5
v 1.1 0.9 -0.7
v 1.2 0.9 -0.7
v -1.3 0.9 -0.8
v -1.2 0.9 -0.8
v 1.1 0.9 -0.8
v 1.2 0.9 -0.8
v -1.3 0.9 -0.9
v -1.2 0.9 -0.9
v -1.5 0.9 -1.4
v -1.4 0.9 -1.4
v -1.5 0.9 -1.5
v -1.4 0.9 -1.5
v -1 0.9 -1.6
v -0.9 0.9 -1.6
v -1 0.9 -1.7
v -0.9 0.9 -1.7
v 1.1 0.9 -1.8
v 1.2 0.9 -1.8
v 1.1 0.9 -1.9
v 1.2 0.9 -1.9
v -0.5 1 0.3
v 0.3 1 0.3
v -0.5 1 -0.1
v 0.3 1 -0.1
v -0.5 1 -0.5
v 0.3 1 -0.5
v -0.5 1 -0.9
v 0.3 1 -0.9
v -1.9 1.5 -0.4
v -1.8 1.5 -0.4
v -1.9 1.5 -0.5
v -1.8 1.5 -0.5
v -1.9 2.1 -0.4
v -1.8 2.1 -0.4
v -1.9 2.1 -0.5
v -1.8 2.1 -0.5
v -1.9 2.1 -0.6
v -1.8 2.1 -0.6
v -1.9 2.1 -0.7
v -1.8 2.1 -0.7
v -1.8 2.2 -0.5
v -1.7 2.2 -0.5
v -1.8 2.2 -0.6
v -1.7 2.2 -0.6
v -2 2.3 -0.5
v -1.9 2.3 -0.5
v -2 2.3 -0.6
v -1.9 2.3 -0.6
v -0.5 3.1 0.0999999
v 0.3 3.1 0.0999999
v -0.5 3.1 -0.7
v 0.3 3.1 -0.7

# faces
f 3/3/1 2/3/1 1/3/1
f 4/3/1 2/3/1 3/3/1
f 5/5/1 4/5/1 3/5/1
f 6/5/1 4/5/1 5/5/1
f 7/5/1 4/5/1 6/5/1
f 8/5/1 4/5/1 7/5/1
f 9/5/1 4/5/1 8/5/1
f 10/5/1 4/5/1 9/5/1
f 11/6/1 7/6/1 6/6/1
f 12/6/1 7/6/1 11/6/1
f 15/6/1 9/6/1 8/6/1
f 16/6/1 9/6/1 15/6/1
f 17/8/1 14/8/1 13/8/1
f 18/8/1 14/8/1 17/8/1
f 21/7/1 20/7/1 19/7/1
f 22/7/1 20/7/1 21/7/1
f 39/5/1 24/5/1 23/5/1
f 40/5/1 24/5/1 39/5/1
f 41/6/1 26/6/1 25/6/1
f 42/6/1 26/6/1 41/6/1
f 43/6/1 28/6/1 27/6/1
f 44/6/1 28/6/1 43/6/1
f 45/6/1 30/6/1 29/6/1
f 46/6/1 30/6/1 45/6/1
f 47/5/1 34/5/1 33/5/1
f 48/5/1 34/5/1 47/5/1
f 49/6/1 36/6/1 35/6/1
f 50/6/1 36/6/1 49/6/1
f 51/8/1 38/8/1 37/8/1
f 52/8/1 38/8/1 51/8/1
f 53/6/1 32/6/1 31/6/1
f 54/4/1 48/4/1 47/4/1
f 55/4/1 48/4/1 54/4/1
f 56/6/1 32/6/1 53/6/1
f 57/6/1 32/6/1 56/6/1
f 60/8/1 59/8/1 58/8/1
f 61/8/1 59/8/1 60/8/1
f 63/8/1 62/8/1 61/8/1
f 64/8/1 62/8/1 63/8/1
f 66/7/1 64/7/1 63/7/1
f 67/7/1 64/7/1 66/7/1
f 69/7/1 66/7/1 65/7/1
f 70/7/1 66/7/1 69/7/1
f 71/7/1 68/7/1 67/7/1
f 72/7/1 68/7/1 71/7/1
f 91/5/1 76/5/1 75/5/1
f 92/5/1 76/5/1 91/5/1
f 93/6/1 78/6/1 77/6/1
f 94/6/1 80/6/1 79/6/1
f 95/6/1 80/6/1 94/6/1
f 96/6/1 82/6/1 81/6/1
f 97/6/1 82/6/1 96/6/1
f 98/6/1 84/6/1 83/6/1
f 99/6/1 84/6/1 98/6/1
f 100/8/1 86/8/1 85/8/1
f 101/8/1 86/8/1 100/8/1
f 102/8/1 88/8/1 87/8/1
f 103/8/1 88/8/1 102/8/1
f 104/5/1 90/5/1 89/5/1
f 105/5/1 90/5/1 104/5/1
f 106/5/1 74/5/1 73/5/1
f 107/5/1 74/5/1 106/5/1
f 108/6/1 93/6/1 77/6/1
f 109/6/1 93/6/1 108/6/1
f 112/6/1 95/6/1 94/6/1
f 113/6/1 95/6/1 112/6/1
f 114/8/1 111/8/1 110/8/1
f 115/8/1 111/8/1 114/8/1
f 118/7/1 117/7/1 116/7/1
f 119/7/1 117/7/1 118/7/1
f 135/4/1 121/4/1 120/4/1
f 136/4/1 121/4/1 135/4/1
f 137/5/1 123/5/1 122/5/1
f 138/5/1 123/5/1 137/5/1
f 139/5/1 125/5/1 124/5/1
f 140/5/1 127/5/1 126/5/1
f 141/6/1 128/6/1 127/6/1
f 141/5/1 127/5/1 140/5/1
f 142/6/1 128/6/1 141/6/1
f 143/5/1 130/5/1 129/5/1
f 144/5/1 130/5/1 143/5/1
f 151/5/1 132/5/1 131/5/1
f 152/5/1 132/5/1 151/5/1
f 154/5/1 139/5/1 124/5/1
f 155/5/1 139/5/1 154/5/1
f 156/5/1 146/5/1 145/5/1
f 157/5/1 146/5/1 156/5/1
f 158/6/1 148/6/1 147/6/1
f 159/6/1 148/6/1 158/6/1
f 160/8/1 150/8/1 149/8/1
f 161/8/1 150/8/1 160/8/1
f 162/4/1 152/4/1 151/4/1
f 163/5/1 153/5/1 152/5/1
f 163/4/1 152/4/1 162/4/1
f 164/5/1 153/5/1 163/5/1
f 165/4/1 155/4/1 154/4/1
f 166/4/1 155/4/1 165/4/1
f 167/6/1 134/6/1 133/6/1
f 168/6/1 134/6/1 167/6/1
f 183/5/1 170/5/1 169/5/1
f 184/5/1 170/5/1 183/5/1
f 185/5/1 172/5/1 171/5/1
f 186/5/1 174/5/1 173/5/1
f 187/6/1 175/6/1 174/6/1
f 187/5/1 174/5/1 186/5/1
f 188/6/1 175/6/1 187/6/1
f 191/5/1 177/5/1 176/5/1
f 192/6/1 178/6/1 177/6/1
f 192/5/1 177/5/1 191/5/1
f 193/6/1 178/6/1 192/6/1
f 194/6/1 180/6/1 179/6/1
f 195/6/1 180/6/1 194/6/1
f 198/6/1 182/6/1 181/6/1
f 199/6/1 182/6/1 198/6/1
f 200/5/1 185/5/1 171/5/1
f 201/5/1 185/5/1 200/5/1
f 202/4/1 187/4/1 186/4/1
f 203/6/1 188/6/1 187/6/1
f 203/4/1 187/4/1 202/4/1
f 204/6/1 188/6/1 203/6/1
f 205/8/1 197/8/1 196/8/1
f 206/5/1 190/5/1 189/5/1
f 207/5/1 190/5/1 206/5/1
f 208/8/1 197/8/1 205/8/1
f 209/8/1 197/8/1 208/8/1
f 228/5/1 211/5/1 210/5/1
f 229/5/1 213/5/1 212/5/1
f 230/5/1 213/5/1 229/5/1
f 231/5/1 215/5/1 214/5/1
f 232/5/1 215/5/1 231/5/1
f 233/6/1 217/6/1 216/6/1
f 234/6/1 217/6/1 233/6/1
f 235/5/1 219/5/1 218/5/1
f 236/5/1 219/5/1 235/5/1
f 238/5/1 221/5/1 220/5/1
f 239/5/1 221/5/1 238/5/1
f 240/5/1 223/5/1 222/5/1
f 241/5/1 223/5/1 240/5/1
f 242/5/1 223/5/1 241/5/1
f 245/6/1 225/6/1 224/6/1
f 246/6/1 227/6/1 226/6/1
f 247/5/1 241/5/1 240/5/1
f 247/5/1 240/5/1 239/5/1
f 248/5/1 241/5/1 247/5/1
f 249/6/1 245/6/1 224/6/1
f 250/6/1 245/6/1 249/6/1
f 251/5/1 228/5/1 210/5/1
f 252/5/1 228/5/1 251/5/1
f 253/5/1 238/5/1 237/5/1
f 254/5/1 238/5/1 253/5/1
f 255/5/1 244/5/1 243/5/1
f 256/5/1 244/5/1 255/5/1
f 257/6/1 227/6/1 246/6/1
f 258/6/1 227/6/1 257/6/1
f 275/5/1 260/5/1 259/5/1
f 276/5/1 260/5/1 275/5/1
f 277/5/1 260/5/1 276/5/1
f 278/5/1 262/5/1 261/5/1
f 279/5/1 262/5/1 278/5/1
f 280/6/1 264/6/1 263/6/1
f 281/5/1 266/5/1 265/5/1
f 282/5/1 266/5/1 281/5/1
f 283/5/1 268/5/1 267/5/1
f 284/5/1 270/5/1 269/5/1
f 285/5/1 270/5/1 284/5/1
f 286/5/1 272/5/1 271/5/1
f 287/5/1 272/5/1 286/5/1
f 288/6/1 280/6/1 263/6/1
f 289/6/1 280/6/1 288/6/1
f 290/5/1 268/5/1 283/5/1
f 291/5/1 268/5/1 290/5/1
f 292/6/1 274/6/1 273/6/1
f 293/6/1 274/6/1 292/6/1
f 294/6/1 274/6/1 293/6/1
f 295/5/1 277/5/1 276/5/1
f 296/5/1 277/5/1 295/5/1
f 297/5/1 290/5/1 283/5/1
f 298/5/1 290/5/1 297/5/1
f 299/4/1 296/4/1 295/4/1
f 300/4/1 296/4/1 299/4/1
f 301/4/1 298/4/1 297/4/1
f 302/4/1 298/4/1 301/4/1
f 321/5/1 304/5/1 303/5/1
f 322/5/1 304/5/1 321/5/1
f 323/5/1 306/5/1 305/5/1
f 324/6/1 308/6/1 307/6/1
f 325/6/1 308/6/1 324/6/1
f 326/5/1 310/5/1 309/5/1
f 327/5/1 310/5/1 326/5/1
f 328/5/1 310/5/1 327/5/1
f 329/5/1 312/5/1 311/5/1
f 330/5/1 312/5/1 329/5/1
f 331/5/1 314/5/1 313/5/1
f 332/5/1 314/5/1 331/5/1
f 333/5/1 314/5/1 332/5/1
f 336/6/1 316/6/1 315/6/1
f 337/6/1 316/6/1 336/6/1
f 338/5/1 318/5/1 317/5/1
f 339/5/1 318/5/1 338/5/1
f 340/5/1 320/5/1 319/5/1
f 341/5/1 320/5/1 340/5/1
f 342/5/1 323/5/1 305/5/1
f 343/5/1 323/5/1 342/5/1
f 344/5/1 327/5/1 326/5/1
f 345/5/1 327/5/1 344/5/1
f 346/4/1 333/4/1 332/4/1
f 347/4/1 333/4/1 346/4/1
f 350/5/1 335/5/1 334/5/1
f 351/5/1 335/5/1 350/5/1
f 352/5/1 323/5/1 343/5/1
f 353/5/1 323/5/1 352/5/1
f 354/4/1 345/4/1 344/4/1
f 355/4/1 345/4/1 354/4/1
f 356/5/1 349/5/1 348/5/1
f 357/5/1 349/5/1 356/5/1
f 358/4/1 357/4/1 356/4/1
f 359/4/1 357/4/1 358/4/1
f 374/5/1 361/5/1 360/5/1
f 375/5/1 361/5/1 374/5/1
f 376/5/1 363/5/1 362/5/1
f 377/5/1 363/5/1 376/5/1
f 378/5/1 365/5/1 364/5/1
f 379/5/1 365/5/1 378/5/1
f 380/5/1 367/5/1 366/5/1
f 381/5/1 369/5/1 368/5/1
f 382/5/1 369/5/1 381/5/1
f 383/6/1 371/6/1 370/6/1
f 384/5/1 373/5/1 372/5/1
f 385/4/1 375/4/1 374/4/1
f 386/4/1 375/4/1 385/4/1
f 387/5/1 380/5/1 366/5/1
f 388/5/1 380/5/1 387/5/1
f 389/6/1 371/6/1 383/6/1
f 390/6/1 371/6/1 389/6/1
f 391/5/1 373/5/1 384/5/1
f 392/5/1 373/5/1 391/5/1
f 403/5/1 394/5/1 393/5/1
f 404/5/1 394/5/1 403/5/1
f 407/5/1 396/5/1 395/5/1
f 408/5/1 396/5/1 407/5/1
f 409/5/1 398/5/1 397/5/1
f 410/5/1 398/5/1 409/5/1
f 411/5/1 400/5/1 399/5/1
f 412/5/1 402/5/1 401/5/1
f 413/5/1 402/5/1 412/5/1
f 414/5/1 406/5/1 405/5/1
f 415/5/1 406/5/1 414/5/1
f 416/5/1 402/5/1 413/5/1
f 417/5/1 402/5/1 416/5/1
f 418/6/1 415/6/1 414/6/1
f 419/6/1 415/6/1 418/6/1
f 420/5/1 398/5/1 410/5/1
f 421/5/1 398/5/1 420/5/1
f 422/5/1 400/5/1 411/5/1
f 423/5/1 400/5/1 422/5/1
f 436/6/1 425/6/1 424/6/1
f 437/6/1 425/6/1 436/6/1
f 438/5/1 427/5/1 426/5/1
f 439/5/1 427/5/1 438/5/1
f 440/5/1 429/5/1 428/5/1
f 441/5/1 429/5/1 440/5/1
f 442/5/1 431/5/1 430/5/1
f 443/5/1 431/5/1 442/5/1
f 444/5/1 431/5/1 443/5/1
f 445/5/1 433/5/1 432/5/1
f 446/5/1 445/5/1 444/5/1
f 446/5/1 444/5/1 443/5/1
f 447/5/1 445/5/1 446/5/1
f 448/5/1 433/5/1 445/5/1
f 448/5/1 445/5/1 447/5/1
f 449/5/1 435/5/1 434/5/1
f 450/5/1 435/5/1 449/5/1
f 451/4/1 447/4/1 446/4/1
f 452/4/1 447/4/1 451/4/1
f 453/4/1 450/4/1 449/4/1
f 454/4/1 450/4/1 453/4/1
f 455/5/1 433/5/1 448/5/1
f 456/5/1 433/5/1 455/5/1
f 457/4/1 456/4/1 455/4/1
f 458/4/1 456/4/1 457/4/1
f 463/5/1 460/5/1 459/5/1
f 464/5/1 460/5/1 463/5/1
f 465/5/1 462/5/1 461/5/1
f 466/5/1 462/5/1 465/5/1
f 469/5/1 468/5/1 467/5/1
f 470/5/1 468/5/1 469/5/1
f 479/5/1 472/5/1 471/5/1
f 480/5/1 472/5/1 479/5/1
f 481/5/1 474/5/1 473/5/1
f 482/5/1 474/5/1 481/5/1
f 483/5/1 476/5/1 475/5/1
f 484/5/1 476/5/1 483/5/1
f 485/5/1 476/5/1 484/5/1
f 486/5/1 478/5/1 477/5/1
f 487/5/1 478/5/1 486/5/1
f 488/5/1 486/5/1 477/5/1
f 489/4/1 487/4/1 486/4/1
f 489/5/1 486/5/1 488/5/1
f 490/4/1 487/4/1 489/4/1
f 495/5/1 492/5/1 491/5/1
f 496/5/1 492/5/1 495/5/1
f 497/5/1 494/5/1 493/5/1
f 498/5/1 494/5/1 497/5/1
f 505/16/1 500/16/1 499/16/1
f 506/13/1 501/13/1 500/13/1
f 506/16/1 500/16/1 505/16/1
f 507/16/1 503/16/1 502/16/1
f 508/13/1 504/13/1 503/13/1
f 508/16/1 503/16/1 507/16/1
f 509/15/1 506/15/1 505/15/1
f 510/13/1 501/13/1 506/13/1
f 510/15/1 506/15/1 509/15/1
f 511/15/1 508/15/1 507/15/1
f 512/13/1 504/13/1 508/13/1
f 512/15/1 508/15/1 511/15/1
f 513/13/1 510/13/1 509/13/1
f 514/13/1 501/13/1 510/13/1
f 514/13/1 510/13/1 513/13/1
f 515/13/1 512/13/1 511/13/1
f 516/13/1 504/13/1 512/13/1
f 516/13/1 512/13/1 515/13/1
f 517/13/1 515/13/1 514/13/1
f 518/13/1 515/13/1 517/13/1
f 519/13/1 517/13/1 514/13/1
f 519/12/1 518/12/1 517/12/1
f 520/13/1 515/13/1 518/13/1
f 520/12/1 518/12/1 519/12/1
f 521/13/1 519/13/1 514/13/1
f 521/11/1 520/11/1 519/11/1
f 522/13/1 515/13/1 520/13/1
f 522/11/1 520/11/1 521/11/1
f 523/13/1 522/13/1 521/13/1
f 523/13/1 515/13/1 522/13/1
f 524/13/1 515/13/1 523/13/1
f 525/13/1 523/13/1 521/13/1
f 525/11/1 524/11/1 523/11/1
f 526/13/1 515/13/1 524/13/1
f 526/11/1 524/11/1 525/11/1
f 527/13/1 525/13/1 521/13/1
f 527/12/1 526/12/1 525/12/1
f 528/13/1 515/13/1 526/13/1
f 528/12/1 526/12/1 527/12/1
f 530/13/1 521/13/1 514/13/1
f 530/13/1 527/13/1 521/13/1
f 530/13/1 528/13/1 527/13/1
f 531/13/1 515/13/1 528/13/1
f 531/13/1 528/13/1 530/13/1
f 533/13/1 530/13/1 529/13/1
f 533/13/1 532/13/1 531/13/1
f 533/13/1 531/13/1 530/13/1
f 534/13/1 532/13/1 533/13/1
f 537/5/1 536/5/1 535/5/1
f 538/5/1 536/5/1 537/5/1
f 541/5/1 540/5/1 539/5/1
f 542/5/1 540/5/1 541/5/1
f 547/5/1 544/5/1 543/5/1
f 549/5/1 546/5/1 545/5/1
f 550/5/1 546/5/1 549/5/1
f 551/5/1 548/5/1 547/5/1
f 551/5/1 547/5/1 543/5/1
f 552/5/1 548/5/1 551/5/1
f 557/5/1 554/5/1 553/5/1
f 558/5/1 554/5/1 557/5/1
f 559/5/1 556/5/1 555/5/1
f 560/5/1 556/5/1 559/5/1
f 563/5/1 562/5/1 561/5/1
f 564/5/1 562/5/1 563/5/1
f 565/4/1 564/4/1 563/4/1
f 566/4/1 564/4/1 565/4/1
f 575/5/1 568/5/1 567/5/1
f 576/5/1 568/5/1 575/5/1
f 577/5/1 570/5/1 569/5/1
f 578/5/1 570/5/1 577/5/1
f 579/5/1 572/5/1 571/5/1
f 580/5/1 572/5/1 579/5/1
f 581/5/1 574/5/1 573/5/1
f 582/5/1 574/5/1 581/5/1
f 585/4/1 584/4/1 583/4/1
f 586/4/1 584/4/1 585/4/1
f 591/5/1 588/5/1 587/5/1
f 592/5/1 588/5/1 591/5/1
f 593/5/1 590/5/1 589/5/1
f 594/5/1 590/5/1 593/5/1
f 595/5/1 588/5/1 592/5/1
f 596/5/1 588/5/1 595/5/1
f 599/5/1 598/5/1 597/5/1
f 600/5/1 598/5/1 599/5/1
f 603/5/1 602/5/1 601/5/1
f 604/5/1 602/5/1 603/5/1
f 609/5/1 606/5/1 605/5/1
f 610/5/1 606/5/1 609/5/1
f 611/5/1 608/5/1 607/5/1
f 612/5/1 608/5/1 611/5/1
f 625/4/1 614/4/1 613/4/1
f 626/4/1 614/4/1 625/4/1
f 627/5/1 616/5/1 615/5/1
f 628/5/1 616/5/1 627/5/1
f 629/4/1 618/4/1 617/4/1
f 630/4/1 618/4/1 629/4/1
f 631/4/1 620/4/1 619/4/1
f 632/4/1 620/4/1 631/4/1
f 633/5/1 622/5/1 621/5/1
f 634/5/1 622/5/1 633/5/1
f 635/5/1 624/5/1 623/5/1
f 636/5/1 624/5/1 635/5/1
f 637/5/1 624/5/1 636/5/1
f 638/5/1 637/5/1 636/5/1
f 639/5/1 637/5/1 638/5/1
f 650/5/1 641/5/1 640/5/1
f 651/5/1 641/5/1 650/5/1
f 652/5/1 643/5/1 642/5/1
f 653/5/1 643/5/1 652/5/1
f 654/5/1 645/5/1 644/5/1
f 655/5/1 647/5/1 646/5/1
f 656/5/1 647/5/1 655/5/1
f 657/5/1 649/5/1 648/5/1
f 658/5/1 645/5/1 654/5/1
f 659/5/1 645/5/1 658/5/1
f 660/5/1 649/5/1 657/5/1
f 661/5/1 649/5/1 660/5/1
f 662/5/1 650/5/1 640/5/1
f 663/5/1 650/5/1 662/5/1
f 676/5/1 665/5/1 664/5/1
f 677/5/1 665/5/1 676/5/1
f 678/5/1 667/5/1 666/5/1
f 679/5/1 669/5/1 668/5/1
f 680/5/1 669/5/1 679/5/1
f 681/5/1 669/5/1 680/5/1
f 682/4/1 671/4/1 670/4/1
f 683/4/1 671/4/1 682/4/1
f 684/5/1 673/5/1 672/5/1
f 686/5/1 675/5/1 674/5/1
f 687/5/1 675/5/1 686/5/1
f 688/4/1 681/4/1 680/4/1
f 689/4/1 681/4/1 688/4/1
f 690/5/1 685/5/1 684/5/1
f 690/5/1 684/5/1 672/5/1
f 691/5/1 685/5/1 690/5/1
f 692/5/1 685/5/1 691/5/1
f 693/5/1 678/5/1 666/5/1
f 694/5/1 678/5/1 693/5/1
f 695/4/1 691/4/1 690/4/1
f 696/4/1 691/4/1 695/4/1
f 713/5/1 698/5/1 697/5/1
f 714/5/1 698/5/1 713/5/1
f 715/5/1 700/5/1 699/5/1
f 716/5/1 700/5/1 715/5/1
f 717/5/1 702/5/1 701/5/1
f 718/5/1 702/5/1 717/5/1
f 719/5/1 704/5/1 703/5/1
f 720/5/1 704/5/1 719/5/1
f 721/5/1 706/5/1 705/5/1
f 722/5/1 706/5/1 721/5/1
f 723/5/1 708/5/1 707/5/1
f 724/5/1 708/5/1 723/5/1
f 725/5/1 721/5/1 705/5/1
f 726/5/1 704/5/1 720/5/1
f 727/5/1 704/5/1 726/5/1
f 728/5/1 710/5/1 709/5/1
f 729/5/1 710/5/1 728/5/1
f 730/5/1 721/5/1 725/5/1
f 731/5/1 721/5/1 730/5/1
f 732/5/1 712/5/1 711/5/1
f 733/5/1 712/5/1 732/5/1
f 734/4/1 731/4/1 730/4/1
f 735/4/1 731/4/1 734/4/1
f 736/4/1 733/4/1 732/4/1
f 737/4/1 733/4/1 736/4/1
f 758/5/1 741/5/1 740/5/1
f 759/5/1 743/5/1 742/5/1
f 760/5/1 747/5/1 746/5/1
f 761/5/1 747/5/1 760/5/1
f 762/5/1 749/5/1 748/5/1
f 763/5/1 749/5/1 762/5/1
f 764/5/1 751/5/1 750/5/1
f 765/5/1 751/5/1 764/5/1
f 766/5/1 753/5/1 752/5/1
f 767/5/1 753/5/1 766/5/1
f 768/5/1 755/5/1 754/5/1
f 769/5/1 757/5/1 756/5/1
f 770/5/1 757/5/1 769/5/1
f 771/5/1 739/5/1 738/5/1
f 772/5/1 739/5/1 771/5/1
f 773/5/1 759/5/1 742/5/1
f 774/5/1 759/5/1 773/5/1
f 775/5/1 745/5/1 744/5/1
f 776/5/1 745/5/1 775/5/1
f 777/5/1 761/5/1 760/5/1
f 778/5/1 761/5/1 777/5/1
f 779/5/1 755/5/1 768/5/1
f 780/5/1 755/5/1 779/5/1
f 781/5/1 758/5/1 740/5/1
f 782/5/1 758/5/1 781/5/1
f 783/5/1 761/5/1 778/5/1
f 784/5/1 761/5/1 783/5/1
f 785/4/1 782/4/1 781/4/1
f 786/4/1 782/4/1 785/4/1
f 787/4/1 784/4/1 783/4/1
f 788/4/1 784/4/1 787/4/1
f 811/4/1 790/4/1 789/4/1
f 812/4/1 790/4/1 811/4/1
f 813/5/1 792/5/1 791/5/1
f 814/5/1 792/5/1 813/5/1
f 815/5/1 794/5/1 793/5/1
f 816/5/1 794/5/1 815/5/1
f 817/5/1 796/5/1 795/5/1
f 818/5/1 796/5/1 817/5/1
f 819/5/1 798/5/1 797/5/1
f 820/5/1 798/5/1 819/5/1
f 821/5/1 800/5/1 799/5/1
f 822/5/1 800/5/1 821/5/1
f 823/5/1 802/5/1 801/5/1
f 824/5/1 802/5/1 823/5/1
f 825/5/1 804/5/1 803/5/1
f 826/5/1 804/5/1 825/5/1
f 827/5/1 806/5/1 805/5/1
f 828/5/1 806/5/1 827/5/1
f 829/5/1 808/5/1 807/5/1
f 830/5/1 808/5/1 829/5/1
f 831/5/1 810/5/1 809/5/1
f 832/5/1 810/5/1 831/5/1
f 833/5/1 796/5/1 818/5/1
f 834/5/1 796/5/1 833/5/1
f 835/5/1 798/5/1 820/5/1
f 836/5/1 798/5/1 835/5/1
f 837/5/1 826/5/1 825/5/1
f 838/5/1 826/5/1 837/5/1
f 839/5/1 832/5/1 831/5/1
f 840/5/1 832/5/1 839/5/1
f 841/4/1 836/4/1 835/4/1
f 842/4/1 836/4/1 841/4/1
f 843/4/1 840/4/1 839/4/1
f 844/4/1 840/4/1 843/4/1
f 863/5/1 846/5/1 845/5/1
f 864/5/1 846/5/1 863/5/1
f 865/5/1 848/5/1 847/5/1
f 866/5/1 848/5/1 865/5/1
f 867/5/1 852/5/1 851/5/1
f 868/5/1 854/5/1 853/5/1
f 869/5/1 856/5/1 855/5/1
f 870/5/1 856/5/1 869/5/1
f 871/5/1 858/5/1 857/5/1
f 872/5/1 858/5/1 871/5/1
f 873/5/1 860/5/1 859/5/1
f 874/5/1 862/5/1 861/5/1
f 875/5/1 862/5/1 874/5/1
f 881/5/1 850/5/1 849/5/1
f 882/5/1 850/5/1 881/5/1
f 883/5/1 867/5/1 851/5/1
f 884/5/1 867/5/1 883/5/1
f 885/5/1 868/5/1 853/5/1
f 886/5/1 868/5/1 885/5/1
f 887/5/1 873/5/1 859/5/1
f 888/5/1 873/5/1 887/5/1
f 889/5/1 877/5/1 876/5/1
f 890/5/1 877/5/1 889/5/1
f 891/9/1 879/9/1 878/9/1
f 892/14/1 880/14/1 879/14/1
f 892/9/1 879/9/1 891/9/1
f 893/14/1 880/14/1 892/14/1
f 894/4/1 882/4/1 881/4/1
f 895/4/1 882/4/1 894/4/1
f 896/4/1 886/4/1 885/4/1
f 897/4/1 886/4/1 896/4/1
f 910/2/1 899/2/1 898/2/1
f 911/2/1 899/2/1 910/2/1
f 912/5/1 903/5/1 902/5/1
f 913/5/1 903/5/1 912/5/1
f 914/5/1 905/5/1 904/5/1
f 915/5/1 905/5/1 914/5/1
f 916/5/1 907/5/1 906/5/1
f 917/5/1 907/5/1 916/5/1
f 918/5/1 909/5/1 908/5/1
f 919/5/1 909/5/1 918/5/1
f 924/5/1 901/5/1 900/5/1
f 925/5/1 901/5/1 924/5/1
f 926/5/1 917/5/1 916/5/1
f 927/5/1 917/5/1 926/5/1
f 928/9/1 921/9/1 920/9/1
f 929/9/1 921/9/1 928/9/1
f 931/9/1 923/9/1 922/9/1
f 932/9/1 923/9/1 931/9/1
f 933/9/1 930/9/1 929/9/1
f 933/9/1 931/9/1 930/9/1
f 934/9/1 931/9/1 933/9/1
f 945/5/1 936/5/1 935/5/1
f 946/5/1 936/5/1 945/5/1
f 948/2/1 938/2/1 937/2/1
f 949/2/1 940/2/1 939/2/1
f 950/2/1 940/2/1 949/2/1
f 951/5/1 942/5/1 941/5/1
f 952/5/1 942/5/1 951/5/1
f 953/5/1 944/5/1 943/5/1
f 954/5/1 944/5/1 953/5/1
f 955/4/1 946/4/1 945/4/1
f 956/5/1 947/5/1 946/5/1
f 956/4/1 946/4/1 955/4/1
f 957/5/1 947/5/1 956/5/1
f 960/2/1 948/2/1 937/2/1
f 960/2/1 949/2/1 948/2/1
f 961/2/1 949/2/1 960/2/1
f 964/9/1 959/9/1 958/9/1
f 965/9/1 959/9/1 964/9/1
f 968/9/1 963/9/1 962/9/1
f 969/9/1 963/9/1 968/9/1
f 970/9/1 966/9/1 965/9/1
f 971/9/1 966/9/1 970/9/1
f 972/14/1 968/14/1 967/14/1
f 973/14/1 968/14/1 972/14/1
f 976/2/1 975/2/1 974/2/1
f 977/2/1 975/2/1 976/2/1
f 980/5/1 979/5/1 978/5/1
f 981/5/1 979/5/1 980/5/1
f 982/6/2 983/6/2 986/6/2
f 986/6/2 983/6/2 987/6/2
f 984/6/2 985/6/2 988/6/2
f 988/6/2 985/6/2 989/6/2
f 989/6/2 985/6/2 990/6/2
f 991/8/2 992/8/2 993/8/2
f 993/8/2 992/8/2 994/8/2
f 995/7/2 996/7/2 997/7/2
f 997/7/2 996/7/2 998/7/2
f 999/5/2 1000/5/2 1009/5/2
f 1009/5/2 1000/5/2 1010/5/2
f 1001/6/2 1002/6/2 1011/6/2
f 1011/6/2 1002/6/2 1012/6/2
f 1003/6/2 1004/6/2 1013/6/2
f 1013/6/2 1004/6/2 1014/6/2
f 1005/6/2 1006/6/2 1015/6/2
f 1015/6/2 1006/6/2 1016/6/2
f 1007/6/2 1008/6/2 1021/6/2
f 1021/6/2 1008/6/2 1022/6/2
f 1019/4/2 1020/4/2 1023/4/2
f 1023/4/2 1020/4/2 1024/4/2
f 1017/6/2 1018/6/2 1025/6/2
f 1025/6/2 1018/6/2 1026/6/2
f 1027/8/2 1028/8/2 1029/8/2
f 1029/8/2 1028/8/2 1030/8/2
f 1030/8/2 1031/8/2 1032/8/2
f 1032/8/2 1031/8/2 1033/8/2
f 1032/7/2 1033/7/2 1035/7/2
f 1035/7/2 1033/7/2 1036/7/2
f 1034/7/2 1035/7/2 1038/7/2
f 1038/7/2 1035/7/2 1039/7/2
f 1036/7/2 1037/7/2 1040/7/2
f 1040/7/2 1037/7/2 1041/7/2
f 1042/5/2 1043/5/2 1054/5/2
f 1054/5/2 1043/5/2 1055/5/2
f 1044/5/2 1045/5/2 1056/5/2
f 1056/5/2 1045/5/2 1057/5/2
f 1046/6/2 1047/6/2 1058/6/2
f 1048/6/2 1049/6/2 1061/6/2
f 1061/6/2 1049/6/2 1062/6/2
f 1050/5/2 1051/5/2 1063/5/2
f 1063/5/2 1051/5/2 1064/5/2
f 1052/8/2 1053/8/2 1065/8/2
f 1065/8/2 1053/8/2 1066/8/2
f 1054/5/2 1055/5/2 1068/5/2
f 1068/5/2 1055/5/2 1069/5/2
f 1058/6/2 1047/6/2 1070/6/2
f 1070/6/2 1047/6/2 1071/6/2
f 1066/8/2 1067/8/2 1072/8/2
f 1059/6/2 1060/6/2 1073/6/2
f 1073/6/2 1060/6/2 1074/6/2
f 1066/8/2 1072/8/2 1075/8/2
f 1075/8/2 1072/8/2 1076/8/2
f 1077/7/2 1078/7/2 1079/7/2
f 1079/7/2 1078/7/2 1080/7/2
f 1081/4/2 1082/4/2 1102/4/2
f 1102/4/2 1082/4/2 1103/4/2
f 1083/5/2 1084/5/2 1104/5/2
f 1104/5/2 1084/5/2 1105/5/2
f 1085/5/2 1086/5/2 1106/5/2
f 1087/5/2 1088/5/2 1107/5/2
f 1088/6/2 1089/6/2 1108/6/2
f 1107/5/2 1088/5/2 1108/5/2
f 1108/6/2 1089/6/2 1109/6/2
f 1090/6/2 1091/6/2 1110/6/2
f 1110/6/2 1091/6/2 1111/6/2
f 1094/6/2 1095/6/2 1112/6/2
f 1112/6/2 1095/6/2 1113/6/2
f 1096/8/2 1097/8/2 1114/8/2
f 1114/8/2 1097/8/2 1115/8/2
f 1115/8/2 1097/8/2 1116/8/2
f 1098/5/2 1099/5/2 1118/5/2
f 1100/6/2 1101/6/2 1119/6/2
f 1106/5/2 1086/5/2 1120/5/2
f 1120/5/2 1086/5/2 1121/5/2
f 1092/5/2 1093/5/2 1122/5/2
f 1122/5/2 1093/5/2 1123/5/2
f 1112/6/2 1113/6/2 1124/6/2
f 1124/6/2 1113/6/2 1125/6/2
f 1115/8/2 1116/8/2 1126/8/2
f 1126/8/2 1116/8/2 1127/8/2
f 1117/4/2 1118/4/2 1128/4/2
f 1118/5/2 1099/5/2 1129/5/2
f 1128/4/2 1118/4/2 1129/4/2
f 1129/5/2 1099/5/2 1130/5/2
f 1120/4/2 1121/4/2 1131/4/2
f 1131/4/2 1121/4/2 1132/4/2
f 1100/6/2 1119/6/2 1133/6/2
f 1133/6/2 1119/6/2 1134/6/2
f 1135/5/2 1136/5/2 1148/5/2
f 1148/5/2 1136/5/2 1149/5/2
f 1137/5/2 1138/5/2 1150/5/2
f 1139/5/2 1140/5/2 1151/5/2
f 1140/6/2 1141/6/2 1152/6/2
f 1151/5/2 1140/5/2 1152/5/2
f 1152/6/2 1141/6/2 1153/6/2
f 1142/5/2 1143/5/2 1154/5/2
f 1144/5/2 1145/5/2 1155/5/2
f 1155/5/2 1145/5/2 1156/5/2
f 1146/6/2 1147/6/2 1159/6/2
f 1159/6/2 1147/6/2 1160/6/2
f 1150/5/2 1138/5/2 1161/5/2
f 1161/5/2 1138/5/2 1162/5/2
f 1151/4/2 1152/4/2 1163/4/2
f 1152/6/2 1153/6/2 1164/6/2
f 1163/4/2 1152/4/2 1164/4/2
f 1164/6/2 1153/6/2 1165/6/2
f 1154/5/2 1143/5/2 1166/5/2
f 1166/5/2 1143/5/2 1167/5/2
f 1157/8/2 1158/8/2 1168/8/2
f 1168/8/2 1158/8/2 1169/8/2
f 1170/5/2 1171/5/2 1184/5/2
f 1172/5/2 1173/5/2 1185/5/2
f 1185/5/2 1173/5/2 1186/5/2
f 1174/5/2 1175/5/2 1187/5/2
f 1187/5/2 1175/5/2 1188/5/2
f 1176/5/2 1177/5/2 1189/5/2
f 1189/5/2 1177/5/2 1190/5/2
f 1178/5/2 1179/5/2 1191/5/2
f 1191/5/2 1179/5/2 1192/5/2
f 1180/6/2 1181/6/2 1193/6/2
f 1176/5/2 1189/5/2 1194/5/2
f 1178/5/2 1191/5/2 1195/5/2
f 1195/5/2 1191/5/2 1196/5/2
f 1193/6/2 1181/6/2 1199/6/2
f 1199/6/2 1181/6/2 1200/6/2
f 1170/5/2 1184/5/2 1201/5/2
f 1201/5/2 1184/5/2 1202/5/2
f 1194/5/2 1189/5/2 1203/5/2
f 1203/5/2 1189/5/2 1204/5/2
f 1197/5/2 1198/5/2 1205/5/2
f 1205/5/2 1198/5/2 1206/5/2
f 1182/6/2 1183/6/2 1207/6/2
f 1207/6/2 1183/6/2 1208/6/2
f 1208/6/2 1183/6/2 1209/6/2
f 1210/5/2 1211/5/2 1230/5/2
f 1230/5/2 1211/5/2 1231/5/2
f 1212/5/2 1213/5/2 1232/5/2
f 1213/6/2 1214/6/2 1233/6/2
f 1232/5/2 1213/5/2 1233/5/2
f 1233/6/2 1214/6/2 1234/6/2
f 1215/6/2 1216/6/2 1235/6/2
f 1216/5/2 1217/5/2 1236/5/2
f 1235/6/2 1216/6/2 1236/6/2
f 1236/5/2 1217/5/2 1237/5/2
f 1218/5/2 1219/5/2 1238/5/2
f 1238/5/2 1219/5/2 1239/5/2
f 1222/5/2 1223/5/2 1240/5/2
f 1240/5/2 1223/5/2 1241/5/2
f 1224/5/2 1225/5/2 1242/5/2
f 1242/5/2 1225/5/2 1243/5/2
f 1226/5/2 1227/5/2 1244/5/2
f 1244/5/2 1227/5/2 1245/5/2
f 1228/6/2 1229/6/2 1246/6/2
f 1231/5/2 1211/5/2 1247/5/2
f 1235/6/2 1236/6/2 1248/6/2
f 1248/6/2 1236/6/2 1249/6/2
f 1238/5/2 1239/5/2 1250/5/2
f 1250/5/2 1239/5/2 1251/5/2
f 1220/5/2 1221/5/2 1252/5/2
f 1252/5/2 1221/5/2 1253/5/2
f 1246/6/2 1229/6/2 1254/6/2
f 1254/6/2 1229/6/2 1255/6/2
f 1231/5/2 1247/5/2 1256/5/2
f 1256/5/2 1247/5/2 1257/5/2
f 1238/5/2 1250/5/2 1258/5/2
f 1258/5/2 1250/5/2 1259/5/2
f 1256/4/2 1257/4/2 1260/4/2
f 1260/4/2 1257/4/2 1261/4/2
f 1258/4/2 1259/4/2 1262/4/2
f 1262/4/2 1259/4/2 1263/4/2
f 1264/5/2 1265/5/2 1282/5/2
f 1282/5/2 1265/5/2 1283/5/2
f 1266/5/2 1267/5/2 1285/5/2
f 1285/5/2 1267/5/2 1286/5/2
f 1268/6/2 1269/6/2 1287/6/2
f 1287/6/2 1269/6/2 1288/6/2
f 1270/5/2 1271/5/2 1289/5/2
f 1289/5/2 1271/5/2 1290/5/2
f 1272/5/2 1273/5/2 1291/5/2
f 1291/5/2 1273/5/2 1292/5/2
f 1292/5/2 1273/5/2 1293/5/2
f 1274/5/2 1275/5/2 1294/5/2
f 1278/6/2 1279/6/2 1295/6/2
f 1295/6/2 1279/6/2 1296/6/2
f 1280/5/2 1281/5/2 1297/5/2
f 1297/5/2 1281/5/2 1298/5/2
f 1285/5/2 1286/5/2 1299/5/2
f 1284/5/2 1285/5/2 1299/5/2
f 1299/5/2 1286/5/2 1300/5/2
f 1270/5/2 1289/5/2 1301/5/2
f 1301/5/2 1289/5/2 1302/5/2
f 1292/4/2 1293/4/2 1303/4/2
f 1303/4/2 1293/4/2 1304/4/2
f 1276/5/2 1277/5/2 1305/5/2
f 1305/5/2 1277/5/2 1306/5/2
f 1300/5/2 1286/5/2 1307/5/2
f 1307/5/2 1286/5/2 1308/5/2
f 1301/4/2 1302/4/2 1309/4/2
f 1309/4/2 1302/4/2 1310/4/2
f 1294/5/2 1275/5/2 1311/5/2
f 1311/5/2 1275/5/2 1312/5/2
f 1311/4/2 1312/4/2 1313/4/2
f 1313/4/2 1312/4/2 1314/4/2
f 1315/5/2 1316/5/2 1329/5/2
f 1329/5/2 1316/5/2 1330/5/2
f 1317/5/2 1318/5/2 1331/5/2
f 1331/5/2 1318/5/2 1332/5/2
f 1319/5/2 1320/5/2 1333/5/2
f 1333/5/2 1320/5/2 1334/5/2
f 1321/5/2 1322/5/2 1335/5/2
f 1335/5/2 1322/5/2 1336/5/2
f 1323/5/2 1324/5/2 1337/5/2
f 1337/5/2 1324/5/2 1338/5/2
f 1327/5/2 1328/5/2 1339/5/2
f 1329/4/2 1330/4/2 1340/4/2
f 1340/4/2 1330/4/2 1341/4/2
f 1321/5/2 1335/5/2 1342/5/2
f 1342/5/2 1335/5/2 1343/5/2
f 1325/6/2 1326/6/2 1344/6/2
f 1344/6/2 1326/6/2 1345/6/2
f 1339/5/2 1328/5/2 1346/5/2
f 1346/5/2 1328/5/2 1347/5/2
f 1348/5/2 1349/5/2 1360/5/2
f 1360/5/2 1349/5/2 1361/5/2
f 1350/5/2 1351/5/2 1362/5/2
f 1362/5/2 1351/5/2 1363/5/2
f 1352/5/2 1353/5/2 1364/5/2
f 1364/5/2 1353/5/2 1365/5/2
f 1354/5/2 1355/5/2 1366/5/2
f 1366/5/2 1355/5/2 1367/5/2
f 1356/5/2 1357/5/2 1368/5/2
f 1358/5/2 1359/5/2 1369/5/2
f 1369/5/2 1359/5/2 1370/5/2
f 1362/5/2 1363/5/2 1371/5/2
f 1371/5/2 1363/5/2 1372/5/2
f 1371/6/2 1372/6/2 1373/6/2
f 1373/6/2 1372/6/2 1374/6/2
f 1368/5/2 1357/5/2 1375/5/2
f 1375/5/2 1357/5/2 1376/5/2
f 1377/6/2 1378/6/2 1387/6/2
f 1387/6/2 1378/6/2 1388/6/2
f 1379/5/2 1380/5/2 1389/5/2
f 1389/5/2 1380/5/2 1390/5/2
f 1383/5/2 1384/5/2 1391/5/2
f 1391/5/2 1384/5/2 1392/5/2
f 1392/5/2 1384/5/2 1393/5/2
f 1385/5/2 1386/5/2 1394/5/2
f 1394/5/2 1386/5/2 1395/5/2
f 1381/5/2 1382/5/2 1396/5/2
f 1396/5/2 1382/5/2 1397/5/2
f 1383/5/2 1391/5/2 1398/5/2
f 1398/5/2 1391/5/2 1399/5/2
f 1392/5/2 1393/5/2 1400/5/2
f 1400/5/2 1393/5/2 1401/5/2
f 1401/5/2 1393/5/2 1402/5/2
f 1394/5/2 1395/5/2 1403/5/2
f 1403/5/2 1395/5/2 1404/5/2
f 1396/4/2 1397/4/2 1405/4/2
f 1405/4/2 1397/4/2 1406/4/2
f 1400/4/2 1401/4/2 1407/4/2
f 1407/4/2 1401/4/2 1408/4/2
f 1403/4/2 1404/4/2 1409/4/2
f 1409/4/2 1404/4/2 1410/4/2
f 1402/5/2 1393/5/2 1411/5/2
f 1411/5/2 1393/5/2 1412/5/2
f 1411/4/2 1412/4/2 1413/4/2
f 1413/4/2 1412/4/2 1414/4/2
f 1415/5/2 1416/5/2 1421/5/2
f 1421/5/2 1416/5/2 1422/5/2
f 1417/5/2 1418/5/2 1423/5/2
f 1423/5/2 1418/5/2 1424/5/2
f 1419/5/2 1420/5/2 1425/5/2
f 1425/5/2 1420/5/2 1426/5/2
f 1427/5/2 1428/5/2 1429/5/2
f 1429/5/2 1428/5/2 1430/5/2
f 1431/5/2 1432/5/2 1439/5/2
f 1439/5/2 1432/5/2 1440/5/2
f 1433/5/2 1434/5/2 1441/5/2
f 1441/5/2 1434/5/2 1442/5/2
f 1435/5/2 1436/5/2 1443/5/2
f 1443/5/2 1436/5/2 1444/5/2
f 1437/5/2 1438/5/2 1445/5/2
f 1445/5/2 1438/5/2 1446/5/2
f 1443/5/2 1444/5/2 1448/5/2
f 1448/5/2 1444/5/2 1449/5/2
f 1446/5/2 1447/5/2 1450/5/2
f 1445/5/2 1446/5/2 1450/5/2
f 1450/5/2 1447/5/2 1451/5/2
f 1445/5/2 1450/5/2 1452/5/2
f 1450/4/2 1451/4/2 1453/4/2
f 1452/5/2 1450/5/2 1453/5/2
f 1453/4/2 1451/4/2 1454/4/2
f 1455/5/2 1456/5/2 1459/5/2
f 1459/5/2 1456/5/2 1460/5/2
f 1457/5/2 1458/5/2 1461/5/2
f 1461/5/2 1458/5/2 1462/5/2
f 1463/5/2 1464/5/2 1465/5/2
f 1465/5/2 1464/5/2 1466/5/2
f 1467/5/2 1468/5/2 1469/5/2
f 1469/5/2 1468/5/2 1470/5/2
f 1471/5/2 1472/5/2 1475/5/2
f 1475/5/2 1472/5/2 1476/5/2
f 1473/5/2 1474/5/2 1478/5/2
f 1478/5/2 1474/5/2 1479/5/2
f 1476/5/2 1477/5/2 1480/5/2
f 1475/5/2 1476/5/2 1480/5/2
f 1480/5/2 1477/5/2 1481/5/2
f 1482/5/2 1483/5/2 1488/5/2
f 1488/5/2 1483/5/2 1489/5/2
f 1484/5/2 1485/5/2 1490/5/2
f 1490/5/2 1485/5/2 1491/5/2
f 1486/5/2 1487/5/2 1492/5/2
f 1492/5/2 1487/5/2 1493/5/2
f 1494/5/2 1495/5/2 1496/5/2
f 1496/5/2 1495/5/2 1497/5/2
f 1496/5/2 1497/5/2 1498/5/2
f 1498/5/2 1497/5/2 1499/5/2
f 1498/4/2 1499/4/2 1500/4/2
f 1500/4/2 1499/4/2 1501/4/2
f 1502/5/2 1503/5/2 1508/5/2
f 1508/5/2 1503/5/2 1509/5/2
f 1504/5/2 1505/5/2 1510/5/2
f 1510/5/2 1505/5/2 1511/5/2
f 1506/5/2 1507/5/2 1512/5/2
f 1512/5/2 1507/5/2 1513/5/2
f 1514/15/2 1515/15/2 1522/15/2
f 1515/13/2 1516/13/2 1523/13/2
f 1522/15/2 1515/15/2 1523/15/2
f 1517/15/2 1518/15/2 1524/15/2
f 1518/13/2 1519/13/2 1525/13/2
f 1524/15/2 1518/15/2 1525/15/2
f 1520/5/2 1521/5/2 1526/5/2
f 1526/5/2 1521/5/2 1527/5/2
f 1522/16/2 1523/16/2 1528/16/2
f 1523/13/2 1516/13/2 1529/13/2
f 1528/16/2 1523/16/2 1529/16/2
f 1524/16/2 1525/16/2 1530/16/2
f 1525/13/2 1519/13/2 1531/13/2
f 1530/16/2 1525/16/2 1531/16/2
f 1526/4/2 1527/4/2 1532/4/2
f 1532/4/2 1527/4/2 1533/4/2
f 1528/13/2 1529/13/2 1534/13/2
f 1529/13/2 1516/13/2 1535/13/2
f 1534/13/2 1529/13/2 1535/13/2
f 1530/13/2 1531/13/2 1536/13/2
f 1531/13/2 1519/13/2 1537/13/2
f 1536/13/2 1531/13/2 1537/13/2
f 1535/13/2 1536/13/2 1538/13/2
f 1538/13/2 1536/13/2 1539/13/2
f 1535/13/2 1538/13/2 1540/13/2
f 1538/12/2 1539/12/2 1540/12/2
f 1539/13/2 1536/13/2 1541/13/2
f 1540/12/2 1539/12/2 1541/12/2
f 1535/13/2 1540/13/2 1542/13/2
f 1540/11/2 1541/11/2 1542/11/2
f 1541/13/2 1536/13/2 1543/13/2
f 1542/11/2 1541/11/2 1543/11/2
f 1542/13/2 1543/13/2 1544/13/2
f 1543/13/2 1536/13/2 1544/13/2
f 1544/13/2 1536/13/2 1545/13/2
f 1542/13/2 1544/13/2 1546/13/2
f 1544/12/2 1545/12/2 1546/12/2
f 1545/13/2 1536/13/2 1547/13/2
f 1546/12/2 1545/12/2 1547/12/2
f 1535/13/2 1542/13/2 1549/13/2
f 1542/13/2 1546/13/2 1549/13/2
f 1546/13/2 1547/13/2 1549/13/2
f 1547/13/2 1536/13/2 1550/13/2
f 1549/13/2 1547/13/2 1550/13/2
f 1548/13/2 1549/13/2 1552/13/2
f 1550/13/2 1551/13/2 1552/13/2
f 1549/13/2 1550/13/2 1552/13/2
f 1552/13/2 1551/13/2 1553/13/2
f 1554/5/2 1555/5/2 1556/5/2
f 1556/5/2 1555/5/2 1557/5/2
f 1557/5/2 1555/5/2 1558/5/2
f 1558/5/2 1555/5/2 1559/5/2
f 1560/5/2 1561/5/2 1562/5/2
f 1562/5/2 1561/5/2 1563/5/2
f 1564/5/2 1565/5/2 1566/5/2
f 1566/5/2 1565/5/2 1567/5/2
f 1568/5/2 1569/5/2 1570/5/2
f 1568/5/2 1570/5/2 1571/5/2
f 1571/5/2 1570/5/2 1572/5/2
f 1573/5/2 1574/5/2 1577/5/2
f 1577/5/2 1574/5/2 1578/5/2
f 1575/5/2 1576/5/2 1579/5/2
f 1579/5/2 1576/5/2 1580/5/2
f 1581/5/2 1582/5/2 1591/5/2
f 1591/5/2 1582/5/2 1592/5/2
f 1583/4/2 1584/4/2 1593/4/2
f 1593/4/2 1584/4/2 1594/4/2
f 1585/4/2 1586/4/2 1595/4/2
f 1595/4/2 1586/4/2 1596/4/2
f 1587/5/2 1588/5/2 1597/5/2
f 1597/5/2 1588/5/2 1598/5/2
f 1589/5/2 1590/5/2 1599/5/2
f 1599/5/2 1590/5/2 1600/5/2
f 1600/5/2 1590/5/2 1601/5/2
f 1601/5/2 1590/5/2 1602/5/2
f 1603/5/2 1604/5/2 1611/5/2
f 1611/5/2 1604/5/2 1612/5/2
f 1605/5/2 1606/5/2 1613/5/2
f 1613/5/2 1606/5/2 1614/5/2
f 1607/5/2 1608/5/2 1615/5/2
f 1615/5/2 1608/5/2 1616/5/2
f 1617/5/2 1618/5/2 1619/5/2
f 1619/5/2 1618/5/2 1620/5/2
f 1609/5/2 1610/5/2 1621/5/2
f 1621/5/2 1610/5/2 1622/5/2
f 1623/5/2 1624/5/2 1637/5/2
f 1637/5/2 1624/5/2 1638/5/2
f 1625/5/2 1626/5/2 1639/5/2
f 1627/5/2 1628/5/2 1640/5/2
f 1629/5/2 1630/5/2 1641/5/2
f 1641/5/2 1630/5/2 1642/5/2
f 1631/4/2 1632/4/2 1643/4/2
f 1643/4/2 1632/4/2 1644/4/2
f 1633/5/2 1634/5/2 1645/5/2
f 1645/5/2 1634/5/2 1646/5/2
f 1635/5/2 1636/5/2 1647/5/2
f 1647/5/2 1636/5/2 1648/5/2
f 1627/5/2 1640/5/2 1649/5/2
f 1649/5/2 1640/5/2 1650/5/2
f 1641/4/2 1642/4/2 1651/4/2
f 1651/4/2 1642/4/2 1652/4/2
f 1646/5/2 1634/5/2 1653/5/2
f 1653/5/2 1634/5/2 1654/5/2
f 1654/5/2 1634/5/2 1655/5/2
f 1625/5/2 1639/5/2 1656/5/2
f 1656/5/2 1639/5/2 1657/5/2
f 1649/4/2 1650/4/2 1658/4/2
f 1658/4/2 1650/4/2 1659/4/2
f 1653/4/2 1654/4/2 1660/4/2
f 1660/4/2 1654/4/2 1661/4/2
f 1662/5/2 1663/5/2 1678/5/2
f 1678/5/2 1663/5/2 1679/5/2
f 1664/5/2 1665/5/2 1680/5/2
f 1680/5/2 1665/5/2 1681/5/2
f 1666/5/2 1667/5/2 1682/5/2
f 1682/5/2 1667/5/2 1683/5/2
f 1668/5/2 1669/5/2 1684/5/2
f 1684/5/2 1669/5/2 1685/5/2
f 1670/5/2 1671/5/2 1686/5/2
f 1686/5/2 1671/5/2 1687/5/2
f 1687/5/2 1671/5/2 1688/5/2
f 1672/5/2 1673/5/2 1689/5/2
f 1689/5/2 1673/5/2 1690/5/2
f 1690/5/2 1673/5/2 1691/5/2
f 1674/5/2 1675/5/2 1692/5/2
f 1692/5/2 1675/5/2 1693/5/2
f 1676/5/2 1677/5/2 1694/5/2
f 1687/5/2 1688/5/2 1697/5/2
f 1697/5/2 1688/5/2 1698/5/2
f 1676/5/2 1694/5/2 1699/5/2
f 1699/5/2 1694/5/2 1700/5/2
f 1689/5/2 1690/5/2 1701/5/2
f 1701/5/2 1690/5/2 1702/5/2
f 1695/5/2 1696/5/2 1703/5/2
f 1703/5/2 1696/5/2 1704/5/2
f 1701/4/2 1702/4/2 1705/4/2
f 1705/4/2 1702/4/2 1706/4/2
f 1703/4/2 1704/4/2 1707/4/2
f 1707/4/2 1704/4/2 1708/4/2
f 1709/5/2 1710/5/2 1727/5/2
f 1727/5/2 1710/5/2 1728/5/2
f 1711/5/2 1712/5/2 1729/5/2
f 1713/5/2 1714/5/2 1730/5/2
f 1730/5/2 1714/5/2 1731/5/2
f 1715/5/2 1716/5/2 1732/5/2
f 1732/5/2 1716/5/2 1733/5/2
f 1717/5/2 1718/5/2 1734/5/2
f 1734/5/2 1718/5/2 1735/5/2
f 1719/5/2 1720/5/2 1736/5/2
f 1721/5/2 1722/5/2 1737/5/2
f 1737/5/2 1722/5/2 1738/5/2
f 1723/5/2 1724/5/2 1739/5/2
f 1739/5/2 1724/5/2 1740/5/2
f 1725/5/2 1726/5/2 1741/5/2
f 1741/5/2 1726/5/2 1742/5/2
f 1727/5/2 1728/5/2 1745/5/2
f 1745/5/2 1728/5/2 1746/5/2
f 1711/5/2 1729/5/2 1747/5/2
f 1747/5/2 1729/5/2 1748/5/2
f 1736/5/2 1720/5/2 1749/5/2
f 1749/5/2 1720/5/2 1750/5/2
f 1743/5/2 1744/5/2 1751/5/2
f 1751/5/2 1744/5/2 1752/5/2
f 1748/5/2 1729/5/2 1753/5/2
f 1753/5/2 1729/5/2 1754/5/2
f 1751/4/2 1752/4/2 1755/4/2
f 1755/4/2 1752/4/2 1756/4/2
f 1753/4/2 1754/4/2 1757/4/2
f 1757/4/2 1754/4/2 1758/4/2
f 1759/4/2 1760/4/2 1778/4/2
f 1760/5/2 1761/5/2 1779/5/2
f 1778/4/2 1760/4/2 1779/4/2
f 1779/5/2 1761/5/2 1780/5/2
f 1762/5/2 1763/5/2 1781/5/2
f 1781/5/2 1763/5/2 1782/5/2
f 1764/5/2 1765/5/2 1783/5/2
f 1783/5/2 1765/5/2 1784/5/2
f 1784/5/2 1765/5/2 1785/5/2
f 1785/5/2 1765/5/2 1786/5/2
f 1786/5/2 1765/5/2 1787/5/2
f 1766/5/2 1767/5/2 1788/5/2
f 1788/5/2 1767/5/2 1789/5/2
f 1768/5/2 1769/5/2 1790/5/2
f 1790/5/2 1769/5/2 1791/5/2
f 1772/5/2 1773/5/2 1792/5/2
f 1792/5/2 1773/5/2 1793/5/2
f 1774/5/2 1775/5/2 1794/5/2
f 1794/5/2 1775/5/2 1795/5/2
f 1784/5/2 1785/5/2 1796/5/2
f 1796/5/2 1785/5/2 1797/5/2
f 1797/5/2 1785/5/2 1798/5/2
f 1786/5/2 1787/5/2 1799/5/2
f 1799/5/2 1787/5/2 1800/5/2
f 1770/5/2 1771/5/2 1801/5/2
f 1801/5/2 1771/5/2 1802/5/2
f 1776/5/2 1777/5/2 1803/5/2
f 1803/5/2 1777/5/2 1804/5/2
f 1799/4/2 1800/4/2 1805/4/2
f 1805/4/2 1800/4/2 1806/4/2
f 1803/4/2 1804/4/2 1807/4/2
f 1807/4/2 1804/4/2 1808/4/2
f 1809/5/2 1810/5/2 1827/5/2
f 1827/5/2 1810/5/2 1828/5/2
f 1811/5/2 1812/5/2 1829/5/2
f 1829/5/2 1812/5/2 1830/5/2
f 1815/5/2 1816/5/2 1833/5/2
f 1817/5/2 1818/5/2 1834/5/2
f 1834/5/2 1818/5/2 1835/5/2
f 1819/5/2 1820/5/2 1836/5/2
f 1836/5/2 1820/5/2 1837/5/2
f 1821/5/2 1822/5/2 1838/5/2
f 1823/5/2 1824/5/2 1839/5/2
f 1839/5/2 1824/5/2 1840/5/2
f 1831/5/2 1832/5/2 1841/5/2
f 1841/5/2 1832/5/2 1842/5/2
f 1813/5/2 1814/5/2 1843/5/2
f 1843/5/2 1814/5/2 1844/5/2
f 1833/5/2 1816/5/2 1845/5/2
f 1845/5/2 1816/5/2 1846/5/2
f 1821/5/2 1838/5/2 1847/5/2
f 1847/5/2 1838/5/2 1848/5/2
f 1825/5/2 1826/5/2 1849/5/2
f 1849/5/2 1826/5/2 1850/5/2
f 1841/4/2 1842/4/2 1851/4/2
f 1851/4/2 1842/4/2 1852/4/2
f 1845/4/2 1846/4/2 1853/4/2
f 1853/4/2 1846/4/2 1854/4/2
f 1855/5/2 1856/5/2 1867/5/2
f 1867/5/2 1856/5/2 1868/5/2
f 1857/5/2 1858/5/2 1869/5/2
f 1869/5/2 1858/5/2 1870/5/2
f 1859/5/2 1860/5/2 1871/5/2
f 1871/5/2 1860/5/2 1872/5/2
f 1863/5/2 1864/5/2 1873/5/2
f 1873/5/2 1864/5/2 1874/5/2
f 1865/5/2 1866/5/2 1875/5/2
f 1875/5/2 1866/5/2 1876/5/2
f 1861/5/2 1862/5/2 1877/5/2
f 1877/5/2 1862/5/2 1878/5/2
f 1879/5/2 1880/5/2 1886/5/2
f 1881/5/2 1882/5/2 1887/5/2
f 1887/5/2 1882/5/2 1888/5/2
f 1883/5/2 1884/5/2 1889/5/2
f 1889/5/2 1884/5/2 1890/5/2
f 1885/4/2 1886/4/2 1891/4/2
f 1886/5/2 1880/5/2 1892/5/2
f 1891/4/2 1886/4/2 1892/4/2
f 1892/5/2 1880/5/2 1893/5/2
f 1894/5/2 1895/5/2 1902/5/2
f 1902/5/2 1895/5/2 1903/5/2
f 1896/2/2 1897/2/2 1904/2/2
f 1904/2/2 1897/2/2 1905/2/2
f 1898/2/2 1899/2/2 1906/2/2
f 1906/2/2 1899/2/2 1907/2/2
f 1905/2/2 1906/2/2 1910/2/2
f 1910/2/2 1906/2/2 1911/2/2
f 1900/5/2 1901/5/2 1914/5/2
f 1914/5/2 1901/5/2 1915/5/2
f 1908/14/2 1909/14/2 1916/14/2
f 1916/14/2 1909/14/2 1917/14/2
f 1912/9/2 1913/9/2 1920/9/2
f 1920/9/2 1913/9/2 1921/9/2
f 1917/9/2 1918/9/2 1922/9/2
f 1922/9/2 1918/9/2 1923/9/2
f 1919/9/2 1920/9/2 1924/9/2
f 1924/9/2 1920/9/2 1925/9/2
f 1926/2/2 1927/2/2 1928/2/2
f 1928/2/2 1927/2/2 1929/2/2
f 1930/9/2 1931/9/2 1934/9/2
f 1934/9/2 1931/9/2 1935/9/2
f 1932/9/2 1933/9/2 1937/9/2
f 1937/9/2 1933/9/2 1938/9/2
f 1935/9/2 1936/9/2 1939/9/2
f 1936/14/2 1937/14/2 1940/14/2
f 1939/9/2 1936/9/2 1940/9/2
f 1940/14/2 1937/14/2 1941/14/2
f 1942/3/2 1943/3/2 1944/3/2
f 1944/3/2 1943/3/2 1945/3/2
f 1944/5/2 1945/5/2 1946/5/2
f 1946/5/2 1945/5/2 1947/5/2
f 1948/9/2 1949/9/2 1950/9/2
f 1950/9/2 1949/9/2 1951/9/2
f 1955/3/3 1953/3/3 1952/3/3
f 1956/5/3 1954/5/3 1953/5/3
f 1956/3/3 1953/3/3 1955/3/3
f 1957/5/3 1954/5/3 1956/5/3
f 1960/5/3 1959/5/3 1958/5/3
f 1961/5/3 1959/5/3 1960/5/3
f 1964/4/3 1963/4/3 1962/4/3
f 1965/4/3 1963/4/3 1964/4/3
f 1968/5/3 1967/5/3 1966/5/3
f 1969/5/3 1967/5/3 1968/5/3
f 1972/4/3 1971/4/3 1970/4/3
f 1973/4/3 1971/4/3 1972/4/3
f 1976/5/3 1975/5/3 1974/5/3
f 1977/5/3 1975/5/3 1976/5/3
f 1978/5/3 1975/5/3 1977/5/3
f 1981/5/3 1980/5/3 1979/5/3
f 1982/5/3 1980/5/3 1981/5/3
f 1985/5/3 1984/5/3 1983/5/3
f 1986/5/3 1984/5/3 1985/5/3
f 1987/5/3 1984/5/3 1986/5/3
f 1990/5/3 1989/5/3 1988/5/3
f 1991/5/3 1989/5/3 1990/5/3
f 1994/5/3 1993/5/3 1992/5/3
f 1995/5/3 1993/5/3 1994/5/3
f 1999/5/3 1997/5/3 1996/5/3
f 1999/4/3 1998/4/3 1997/4/3
f 2000/4/3 1998/4/3 1999/4/3
f 2001/5/3 1999/5/3 1996/5/3
f 2002/5/3 1999/5/3 2001/5/3
f 2005/5/3 2004/5/3 2003/5/3
f 2006/5/3 2004/5/3 2005/5/3
f 2009/5/3 2008/5/3 2007/5/3
f 2010/5/3 2008/5/3 2009/5/3
f 2014/5/3 2012/5/3 2011/5/3
f 2015/4/3 2013/4/3 2012/4/3
f 2015/5/3 2012/5/3 2014/5/3
f 2016/4/3 2013/4/3 2015/4/3
f 2019/5/3 2018/5/3 2017/5/3
f 2020/5/3 2018/5/3 2019/5/3
f 2024/5/3 2022/5/3 2021/5/3
f 2025/5/3 2022/5/3 2024/5/3
f 2026/5/3 2022/5/3 2025/5/3
f 2027/4/3 2023/4/3 2022/4/3
f 2027/5/3 2022/5/3 2026/5/3
f 2028/4/3 2023/4/3 2027/4/3
f 2030/5/3 2026/5/3 2025/5/3
f 2031/5/3 2026/5/3 2030/5/3
f 2033/5/3 2030/5/3 2029/5/3
f 2033/5/3 2032/5/3 2031/5/3
f 2033/5/3 2031/5/3 2030/5/3
f 2034/5/3 2032/5/3 2033/5/3
f 2035/5/3 2033/5/3 2029/5/3
f 2036/5/3 2033/5/3 2035/5/3
f 2039/5/3 2038/5/3 2037/5/3
f 2040/5/3 2038/5/3 2039/5/3
f 2044/5/3 2042/5/3 2041/5/3
f 2045/5/3 2042/5/3 2044/5/3
f 2046/4/3 2043/4/3 2042/4/3
f 2046/5/3 2042/5/3 2045/5/3
f 2047/4/3 2043/4/3 2046/4/3
f 2051/5/3 2049/5/3 2048/5/3
f 2052/4/3 2050/4/3 2049/4/3
f 2052/5/3 2049/5/3 2051/5/3
f 2053/4/3 2050/4/3 2052/4/3
f 2056/5/3 2055/5/3 2054/5/3
f 2057/5/3 2055/5/3 2056/5/3
f 2060/4/3 2059/4/3 2058/4/3
f 2061/4/3 2059/4/3 2060/4/3
f 2062/5/3 2061/5/3 2060/5/3
f 2063/5/3 2061/5/3 2062/5/3
f 2066/5/3 2065/5/3 2064/5/3
f 2067/5/3 2065/5/3 2066/5/3
f 2070/5/3 2069/5/3 2068/5/3
f 2071/5/3 2069/5/3 2070/5/3
f 2074/5/3 2073/5/3 2072/5/3
f 2075/5/3 2073/5/3 2074/5/3
f 2078/5/3 2077/5/3 2076/5/3
f 2079/5/3 2077/5/3 2078/5/3
f 2080/5/3 2078/5/3 2076/5/3
f 2081/5/3 2078/5/3 2080/5/3
f 2084/5/3 2083/5/3 2082/5/3
f 2085/5/3 2083/5/3 2084/5/3
f 2088/9/3 2087/9/3 2086/9/3
f 2089/9/3 2087/9/3 2088/9/3
f 2090/14/3 2089/14/3 2088/14/3
f 2091/14/3 2089/14/3 2090/14/3
f 2094/5/3 2093/5/3 2092/5/3
f 2095/5/3 2093/5/3 2094/5/3
f 2096/5/3 2093/5/3 2095/5/3
f 2099/5/3 2098/5/3 2097/5/3
f 2100/5/3 2098/5/3 2099/5/3
f 2103/6/3 2102/6/3 2101/6/3
f 2104/6/3 2102/6/3 2103/6/3
f 2107/5/3 2106/5/3 2105/5/3
f 2108/5/3 2106/5/3 2107/5/3
f 2109/5/3 2107/5/3 2105/5/3
f 2110/4/3 2108/4/3 2107/4/3
f 2110/5/3 2107/5/3 2109/5/3
f 2111/4/3 2108/4/3 2110/4/3
f 2114/5/3 2113/5/3 2112/5/3
f 2115/5/3 2113/5/3 2114/5/3
f 2116/5/3 2113/5/3 2115/5/3
f 2119/5/3 2118/5/3 2117/5/3
f 2120/5/3 2118/5/3 2119/5/3
f 2123/9/3 2122/9/3 2121/9/3
f 2124/9/3 2122/9/3 2123/9/3
f 2128/9/3 2125/9/3 2124/9/3
f 2129/2/3 2127/2/3 2126/2/3
f 2130/2/3 2127/2/3 2129/2/3
f 2132/9/3 2125/9/3 2128/9/3
f 2133/9/3 2125/9/3 2132/9/3
f 2134/9/3 2132/9/3 2131/9/3
f 2135/9/3 2132/9/3 2134/9/3
f 2138/6/3 2137/6/3 2136/6/3
f 2139/6/3 2137/6/3 2138/6/3
f 2142/5/3 2141/5/3 2140/5/3
f 2143/5/3 2141/5/3 2142/5/3
f 2146/5/3 2145/5/3 2144/5/3
f 2147/5/3 2145/5/3 2146/5/3
f 2150/5/3 2149/5/3 2148/5/3
f 2153/5/3 2150/5/3 2148/5/3
f 2153/5/3 2151/5/3 2150/5/3
f 2154/5/3 2151/5/3 2153/5/3
f 2155/6/3 2152/6/3 2151/6/3
f 2155/5/3 2151/5/3 2154/5/3
f 2156/6/3 2152/6/3 2155/6/3
f 2159/5/3 2158/5/3 2157/5/3
f 2160/5/3 2158/5/3 2159/5/3
f 2163/5/3 2162/5/3 2161/5/3
f 2164/5/3 2162/5/3 2163/5/3
f 2167/9/3 2166/9/3 2165/9/3
f 2168/9/3 2166/9/3 2167/9/3
f 2172/9/3 2169/9/3 2168/9/3
f 2173/9/3 2169/9/3 2172/9/3
f 2174/2/3 2171/2/3 2170/2/3
f 2175/2/3 2171/2/3 2174/2/3
f 2177/2/3 2171/2/3 2175/2/3
f 2178/2/3 2171/2/3 2177/2/3
f 2181/2/3 2177/2/3 2176/2/3
f 2182/2/3 2177/2/3 2181/2/3
f 2184/9/3 2180/9/3 2179/9/3
f 2185/9/3 2180/9/3 2184/9/3
f 2186/9/3 2184/9/3 2183/9/3
f 2187/9/3 2184/9/3 2186/9/3
f 2190/6/3 2189/6/3 2188/6/3
f 2191/6/3 2189/6/3 2190/6/3
f 2194/5/3 2193/5/3 2192/5/3
f 2195/5/3 2193/5/3 2194/5/3
f 2198/5/3 2197/5/3 2196/5/3
f 2199/5/3 2197/5/3 2198/5/3
f 2202/5/3 2201/5/3 2200/5/3
f 2203/5/3 2201/5/3 2202/5/3
f 2206/2/3 2205/2/3 2204/2/3
f 2207/2/3 2205/2/3 2206/2/3
f 2210/6/3 2209/6/3 2208/6/3
f 2211/6/3 2209/6/3 2210/6/3
f 2212/6/3 2209/6/3 2211/6/3
f 2216/5/3 2214/5/3 2213/5/3
f 2217/4/3 2215/4/3 2214/4/3
f 2217/5/3 2214/5/3 2216/5/3
f 2218/4/3 2215/4/3 2217/4/3
f 2221/6/3 2220/6/3 2219/6/3
f 2222/6/3 2220/6/3 2221/6/3
f 2225/5/3 2224/5/3 2223/5/3
f 2226/5/3 2224/5/3 2225/5/3
f 2229/6/3 2228/6/3 2227/6/3
f 2230/6/3 2228/6/3 2229/6/3
f 2233/6/3 2232/6/3 2231/6/3
f 2234/6/3 2232/6/3 2233/6/3
f 2235/6/3 2232/6/3 2234/6/3
f 2238/5/3 2237/5/3 2236/5/3
f 2239/5/3 2237/5/3 2238/5/3
f 2243/6/3 2241/6/3 2240/6/3
f 2243/6/3 2242/6/3 2241/6/3
f 2244/6/3 2242/6/3 2243/6/3
f 2245/6/3 2243/6/3 2240/6/3
f 2246/6/3 2243/6/3 2245/6/3
f 2249/6/3 2248/6/3 2247/6/3
f 2250/6/3 2248/6/3 2249/6/3
f 2253/5/3 2252/5/3 2251/5/3
f 2254/5/3 2252/5/3 2253/5/3
f 2258/5/3 2256/5/3 2255/5/3
f 2259/4/3 2257/4/3 2256/4/3
f 2259/5/3 2256/5/3 2258/5/3
f 2260/4/3 2257/4/3 2259/4/3
f 2263/6/3 2262/6/3 2261/6/3
f 2264/6/3 2262/6/3 2263/6/3
f 2268/5/3 2266/5/3 2265/5/3
f 2268/5/3 2267/5/3 2266/5/3
f 2269/5/3 2267/5/3 2268/5/3
f 2270/5/3 2267/5/3 2269/5/3
f 2273/4/3 2272/4/3 2271/4/3
f 2274/4/3 2272/4/3 2273/4/3
f 2278/5/3 2276/5/3 2275/5/3
f 2278/5/3 2277/5/3 2276/5/3
f 2279/5/3 2277/5/3 2278/5/3
f 2282/5/3 2281/5/3 2280/5/3
f 2283/5/3 2281/5/3 2282/5/3
f 2286/5/3 2285/5/3 2284/5/3
f 2288/5/3 2286/5/3 2284/5/3
f 2288/5/3 2287/5/3 2286/5/3
f 2289/5/3 2287/5/3 2288/5/3
f 2292/6/3 2291/6/3 2290/6/3
f 2293/6/3 2291/6/3 2292/6/3
f 2294/6/3 2291/6/3 2293/6/3
f 2297/6/3 2296/6/3 2295/6/3
f 2298/6/3 2296/6/3 2297/6/3
f 2303/5/3 2301/5/3 2300/5/3
f 2303/5/3 2300/5/3 2299/5/3
f 2304/4/3 2302/4/3 2301/4/3
f 2304/5/3 2301/5/3 2303/5/3
f 2305/4/3 2302/4/3 2304/4/3
f 2309/5/3 2307/5/3 2306/5/3
f 2310/4/3 2308/4/3 2307/4/3
f 2310/5/3 2307/5/3 2309/5/3
f 2311/4/3 2308/4/3 2310/4/3
f 2315/6/3 2313/6/3 2312/6/3
f 2315/6/3 2314/6/3 2313/6/3
f 2316/6/3 2314/6/3 2315/6/3
f 2317/6/3 2314/6/3 2316/6/3
f 2321/5/3 2319/5/3 2318/5/3
f 2321/5/3 2320/5/3 2319/5/3
f 2322/5/3 2320/5/3 2321/5/3
f 2325/5/3 2324/5/3 2323/5/3
f 2326/5/3 2324/5/3 2325/5/3
f 2329/5/3 2328/5/3 2327/5/3
f 2330/5/3 2328/5/3 2329/5/3
f 2335/16/3 2332/16/3 2331/16/3
f 2336/15/3 2333/15/3 2332/15/3
f 2336/16/3 2332/16/3 2335/16/3
f 2337/13/3 2334/13/3 2333/13/3
f 2337/15/3 2333/15/3 2336/15/3
f 2338/15/3 2336/15/3 2335/15/3
f 2339/16/3 2337/16/3 2336/16/3
f 2339/15/3 2336/15/3 2338/15/3
f 2340/13/3 2334/13/3 2337/13/3
f 2340/16/3 2337/16/3 2339/16/3
f 2341/16/3 2339/16/3 2338/16/3
f 2342/15/3 2340/15/3 2339/15/3
f 2342/16/3 2339/16/3 2341/16/3
f 2343/13/3 2334/13/3 2340/13/3
f 2343/15/3 2340/15/3 2342/15/3
f 2344/15/3 2342/15/3 2341/15/3
f 2345/16/3 2343/16/3 2342/16/3
f 2345/15/3 2342/15/3 2344/15/3
f 2346/13/3 2334/13/3 2343/13/3
f 2346/16/3 2343/16/3 2345/16/3
f 2347/16/3 2345/16/3 2344/16/3
f 2348/15/3 2346/15/3 2345/15/3
f 2348/16/3 2345/16/3 2347/16/3
f 2349/13/3 2334/13/3 2346/13/3
f 2349/15/3 2346/15/3 2348/15/3
f 2350/15/3 2348/15/3 2347/15/3
f 2351/16/3 2349/16/3 2348/16/3
f 2351/15/3 2348/15/3 2350/15/3
f 2352/13/3 2334/13/3 2349/13/3
f 2352/16/3 2349/16/3 2351/16/3
f 2353/16/3 2351/16/3 2350/16/3
f 2354/15/3 2352/15/3 2351/15/3
f 2354/16/3 2351/16/3 2353/16/3
f 2355/13/3 2334/13/3 2352/13/3
f 2355/15/3 2352/15/3 2354/15/3
f 2356/15/3 2354/15/3 2353/15/3
f 2357/16/3 2355/16/3 2354/16/3
f 2357/15/3 2354/15/3 2356/15/3
f 2358/13/3 2334/13/3 2355/13/3
f 2358/16/3 2355/16/3 2357/16/3
f 2359/13/3 2334/13/3 2358/13/3
f 2362/5/3 2361/5/3 2360/5/3
f 2363/5/3 2361/5/3 2362/5/3
f 2366/5/3 2365/5/3 2364/5/3
f 2367/5/3 2365/5/3 2366/5/3
f 2370/5/3 2369/5/3 2368/5/3
f 2371/5/3 2369/5/3 2370/5/3
f 2374/5/3 2373/5/3 2372/5/3
f 2375/5/3 2373/5/3 2374/5/3
f 2376/5/3 2374/5/3 2372/5/3
f 2377/5/3 2374/5/3 2376/5/3
f 2382/5/3 2379/5/3 2378/5/3
f 2382/5/3 2380/5/3 2379/5/3
f 2383/5/3 2380/5/3 2382/5/3
f 2384/4/3 2381/4/3 2380/4/3
f 2384/5/3 2380/5/3 2383/5/3
f 2385/4/3 2381/4/3 2384/4/3
f 2388/5/3 2387/5/3 2386/5/3
f 2389/5/3 2387/5/3 2388/5/3
f 2393/5/3 2391/5/3 2390/5/3
f 2393/4/3 2392/4/3 2391/4/3
f 2394/4/3 2392/4/3 2393/4/3
f 2395/5/3 2393/5/3 2390/5/3
f 2396/5/3 2393/5/3 2395/5/3
f 2399/5/3 2398/5/3 2397/5/3
f 2400/5/3 2398/5/3 2399/5/3
f 2403/5/3 2402/5/3 2401/5/3
f 2404/5/3 2402/5/3 2403/5/3
f 2407/13/3 2406/13/3 2405/13/3
f 2408/13/3 2406/13/3 2407/13/3
f 2409/13/3 2407/13/3 2405/13/3
f 2410/13/3 2407/13/3 2409/13/3
f 2411/13/3 2407/13/3 2410/13/3
f 2412/15/3 2408/15/3 2407/15/3
f 2412/13/3 2407/13/3 2411/13/3
f 2413/15/3 2408/15/3 2412/15/3
f 2414/16/3 2410/16/3 2409/16/3
f 2415/16/3 2410/16/3 2414/16/3
f 2416/15/3 2411/15/3 2410/15/3
f 2416/16/3 2410/16/3 2415/16/3
f 2417/13/3 2412/13/3 2411/13/3
f 2417/15/3 2411/15/3 2416/15/3
f 2418/16/3 2413/16/3 2412/16/3
f 2418/13/3 2412/13/3 2417/13/3
f 2419/15/3 2408/15/3 2413/15/3
f 2419/16/3 2413/16/3 2418/16/3
f 2420/13/3 2406/13/3 2408/13/3
f 2420/15/3 2408/15/3 2419/15/3
f 2421/13/3 2415/13/3 2414/13/3
f 2422/16/3 2418/16/3 2417/16/3
f 2422/13/3 2415/13/3 2421/13/3
f 2422/16/3 2416/16/3 2415/16/3
f 2422/16/3 2417/16/3 2416/16/3
f 2423/16/3 2418/16/3 2422/16/3
f 2424/16/3 2418/16/3 2423/16/3
f 2425/13/3 2419/13/3 2418/13/3
f 2425/16/3 2418/16/3 2424/16/3
f 2425/13/3 2420/13/3 2419/13/3
f 2426/13/3 2420/13/3 2425/13/3
f 2427/13/3 2406/13/3 2420/13/3
f 2427/13/3 2420/13/3 2426/13/3
f 2428/16/3 2423/16/3 2422/16/3
f 2428/16/3 2422/16/3 2421/16/3
f 2429/15/3 2424/15/3 2423/15/3
f 2429/16/3 2423/16/3 2428/16/3
f 2430/13/3 2425/13/3 2424/13/3
f 2430/15/3 2424/15/3 2429/15/3
f 2431/16/3 2426/16/3 2425/16/3
f 2431/13/3 2425/13/3 2430/13/3
f 2432/15/3 2427/15/3 2426/15/3
f 2432/16/3 2426/16/3 2431/16/3
f 2433/13/3 2430/13/3 2429/13/3
f 2433/13/3 2431/13/3 2430/13/3
f 2433/15/3 2432/15/3 2431/15/3
f 2433/13/3 2429/13/3 2428/13/3
f 2434/15/3 2427/15/3 2432/15/3
f 2434/15/3 2432/15/3 2433/15/3
f 2434/13/3 2406/13/3 2427/13/3
f 2435/13/3 2433/13/3 2428/13/3
f 2435/13/3 2434/13/3 2433/13/3
f 2436/13/3 2406/13/3 2434/13/3
f 2436/13/3 2434/13/3 2435/13/3
f 2439/5/3 2438/5/3 2437/5/3
f 2440/5/3 2438/5/3 2439/5/3
f 2444/5/3 2442/5/3 2441/5/3
f 2445/4/3 2443/4/3 2442/4/3
f 2445/5/3 2442/5/3 2444/5/3
f 2446/4/3 2443/4/3 2445/4/3
f 2447/5/3 2444/5/3 2441/5/3
f 2448/5/3 2444/5/3 2447/5/3
f 2452/5/3 2450/5/3 2449/5/3
f 2452/5/3 2451/5/3 2450/5/3
f 2453/5/3 2451/5/3 2452/5/3
f 2454/5/3 2451/5/3 2453/5/3
f 2457/5/3 2456/5/3 2455/5/3
f 2458/5/3 2456/5/3 2457/5/3
f 2461/6/3 2460/6/3 2459/6/3
f 2463/6/3 2461/6/3 2459/6/3
f 2463/6/3 2462/6/3 2461/6/3
f 2464/6/3 2462/6/3 2463/6/3
f 2465/6/3 2462/6/3 2464/6/3
f 2468/13/3 2467/13/3 2466/13/3
f 2469/13/3 2467/13/3 2468/13/3
f 2470/13/3 2468/13/3 2466/13/3
f 2471/13/3 2468/13/3 2470/13/3
f 2472/13/3 2468/13/3 2471/13/3
f 2473/13/3 2468/13/3 2472/13/3
f 2474/12/3 2469/12/3 2468/12/3
f 2474/13/3 2468/13/3 2473/13/3
f 2475/13/3 2467/13/3 2469/13/3
f 2475/12/3 2469/12/3 2474/12/3
f 2476/13/3 2470/13/3 2466/13/3
f 2476/12/3 2471/12/3 2470/12/3
f 2477/13/3 2472/13/3 2471/13/3
f 2477/12/3 2471/12/3 2476/12/3
f 2478/10/3 2473/10/3 2472/10/3
f 2478/13/3 2472/13/3 2477/13/3
f 2479/11/3 2474/11/3 2473/11/3
f 2479/10/3 2473/10/3 2478/10/3
f 2480/13/3 2475/13/3 2474/13/3
f 2480/11/3 2474/11/3 2479/11/3
f 2481/13/3 2478/13/3 2477/13/3
f 2481/13/3 2477/13/3 2476/13/3
f 2481/13/3 2480/13/3 2479/13/3
f 2481/13/3 2479/13/3 2478/13/3
f 2482/13/3 2480/13/3 2481/13/3
f 2483/13/3 2475/13/3 2480/13/3
f 2483/13/3 2480/13/3 2482/13/3
f 2483/13/3 2467/13/3 2475/13/3
f 2484/13/3 2467/13/3 2483/13/3
f 2485/13/3 2467/13/3 2484/13/3
f 2486/12/3 2482/12/3 2481/12/3
f 2486/13/3 2481/13/3 2476/13/3
f 2487/13/3 2483/13/3 2482/13/3
f 2487/12/3 2482/12/3 2486/12/3
f 2488/11/3 2484/11/3 2483/11/3
f 2488/13/3 2483/13/3 2487/13/3
f 2489/12/3 2485/12/3 2484/12/3
f 2489/11/3 2484/11/3 2488/11/3
f 2490/13/3 2467/13/3 2485/13/3
f 2490/12/3 2485/12/3 2489/12/3
f 2491/13/3 2489/13/3 2488/13/3
f 2491/13/3 2476/13/3 2466/13/3
f 2491/13/3 2490/13/3 2489/13/3
f 2491/13/3 2487/13/3 2486/13/3
f 2491/13/3 2486/13/3 2476/13/3
f 2491/13/3 2488/13/3 2487/13/3
f 2492/13/3 2467/13/3 2490/13/3
f 2492/13/3 2490/13/3 2491/13/3
f 2495/4/3 2494/4/3 2493/4/3
f 2496/4/3 2494/4/3 2495/4/3
f 2499/6/3 2498/6/3 2497/6/3
f 2500/6/3 2498/6/3 2499/6/3
f 2503/6/3 2502/6/3 2501/6/3
f 2504/6/3 2502/6/3 2503/6/3
f 2507/5/3 2505/5/3 2504/5/3
f 2508/5/3 2507/5/3 2506/5/3
f 2509/5/3 2505/5/3 2507/5/3
f 2509/5/3 2507/5/3 2508/5/3
f 2512/5/3 2511/5/3 2510/5/3
f 2513/5/3 2511/5/3 2512/5/3
f 2516/8/3 2515/8/3 2514/8/3
f 2517/8/3 2515/8/3 2516/8/3
f 2520/5/3 2519/5/3 2518/5/3
f 2521/5/3 2519/5/3 2520/5/3
f 2524/5/3 2523/5/3 2522/5/3
f 2525/5/3 2523/5/3 2524/5/3
f 2529/8/3 2527/8/3 2526/8/3
f 2530/8/3 2527/8/3 2529/8/3
f 2531/8/3 2527/8/3 2530/8/3
f 2536/8/3 2529/8/3 2528/8/3
f 2536/8/3 2530/8/3 2529/8/3
f 2537/8/3 2530/8/3 2536/8/3
f 2538/8/3 2530/8/3 2537/8/3
f 2539/8/3 2533/8/3 2532/8/3
f 2540/8/3 2533/8/3 2539/8/3
f 2541/7/3 2535/7/3 2534/7/3
f 2542/7/3 2535/7/3 2541/7/3
f 2544/8/3 2538/8/3 2537/8/3
f 2544/8/3 2539/8/3 2538/8/3
f 2545/8/3 2539/8/3 2544/8/3
f 2546/8/3 2544/8/3 2543/8/3
f 2547/8/3 2544/8/3 2546/8/3
f 2550/5/3 2549/5/3 2548/5/3
f 2551/5/3 2549/5/3 2550/5/3
f 2554/5/3 2553/5/3 2552/5/3
f 2555/5/3 2553/5/3 2554/5/3
f 2559/5/3 2557/5/3 2556/5/3
f 2559/5/3 2558/5/3 2557/5/3
f 2560/5/3 2558/5/3 2559/5/3
f 2561/5/3 2559/5/3 2556/5/3
f 2562/5/3 2559/5/3 2561/5/3
f 2565/5/3 2564/5/3 2563/5/3
f 2566/5/3 2564/5/3 2565/5/3
f 2569/5/3 2568/5/3 2567/5/3
f 2570/5/3 2568/5/3 2569/5/3
f 2575/7/3 2572/7/3 2571/7/3
f 2576/7/3 2572/7/3 2575/7/3
f 2577/7/3 2572/7/3 2576/7/3
f 2578/8/3 2574/8/3 2573/8/3
f 2579/7/3 2575/7/3 2574/7/3
f 2579/8/3 2574/8/3 2578/8/3
f 2580/7/3 2575/7/3 2579/7/3
f 2585/7/3 2582/7/3 2581/7/3
f 2585/7/3 2581/7/3 2580/7/3
f 2586/7/3 2582/7/3 2585/7/3
f 2587/8/3 2584/8/3 2583/8/3
f 2588/8/3 2584/8/3 2587/8/3
f 2591/4/3 2590/4/3 2589/4/3
f 2592/4/3 2590/4/3 2591/4/3
f 2596/5/3 2594/5/3 2593/5/3
f 2597/5/3 2594/5/3 2596/5/3
f 2598/5/3 2594/5/3 2597/5/3
f 2599/5/3 2596/5/3 2595/5/3
f 2599/5/3 2597/5/3 2596/5/3
f 2600/4/3 2598/4/3 2597/4/3
f 2600/5/3 2597/5/3 2599/5/3
f 2601/4/3 2598/4/3 2600/4/3
f 2606/16/3 2603/16/3 2602/16/3
f 2607/15/3 2604/15/3 2603/15/3
f 2607/16/3 2603/16/3 2606/16/3
f 2608/13/3 2605/13/3 2604/13/3
f 2608/15/3 2604/15/3 2607/15/3
f 2609/15/3 2607/15/3 2606/15/3
f 2610/16/3 2608/16/3 2607/16/3
f 2610/15/3 2607/15/3 2609/15/3
f 2611/13/3 2605/13/3 2608/13/3
f 2611/16/3 2608/16/3 2610/16/3
f 2612/16/3 2610/16/3 2609/16/3
f 2613/15/3 2611/15/3 2610/15/3
f 2613/16/3 2610/16/3 2612/16/3
f 2614/13/3 2605/13/3 2611/13/3
f 2614/15/3 2611/15/3 2613/15/3
f 2615/15/3 2613/15/3 2612/15/3
f 2616/16/3 2614/16/3 2613/16/3
f 2616/15/3 2613/15/3 2615/15/3
f 2617/13/3 2605/13/3 2614/13/3
f 2617/16/3 2614/16/3 2616/16/3
f 2618/16/3 2616/16/3 2615/16/3
f 2619/15/3 2617/15/3 2616/15/3
f 2619/16/3 2616/16/3 2618/16/3
f 2620/13/3 2605/13/3 2617/13/3
f 2620/15/3 2617/15/3 2619/15/3
f 2621/15/3 2619/15/3 2618/15/3
f 2622/16/3 2620/16/3 2619/16/3
f 2622/15/3 2619/15/3 2621/15/3
f 2623/13/3 2605/13/3 2620/13/3
f 2623/16/3 2620/16/3 2622/16/3
f 2624/16/3 2622/16/3 2621/16/3
f 2625/15/3 2623/15/3 2622/15/3
f 2625/16/3 2622/16/3 2624/16/3
f 2626/13/3 2605/13/3 2623/13/3
f 2626/15/3 2623/15/3 2625/15/3
f 2627/15/3 2625/15/3 2624/15/3
f 2628/16/3 2626/16/3 2625/16/3
f 2628/15/3 2625/15/3 2627/15/3
f 2629/13/3 2605/13/3 2626/13/3
f 2629/16/3 2626/16/3 2628/16/3
f 2630/13/3 2605/13/3 2629/13/3
f 2634/5/3 2632/5/3 2631/5/3
f 2635/4/3 2633/4/3 2632/4/3
f 2635/5/3 2632/5/3 2634/5/3
f 2636/4/3 2633/4/3 2635/4/3
f 2640/5/3 2638/5/3 2637/5/3
f 2640/5/3 2639/5/3 2638/5/3
f 2641/5/3 2639/5/3 2640/5/3
f 2645/8/3 2643/8/3 2642/8/3
f 2645/8/3 2644/8/3 2643/8/3
f 2646/8/3 2644/8/3 2645/8/3
f 2649/5/3 2648/5/3 2647/5/3
f 2650/5/3 2648/5/3 2649/5/3
f 2653/5/3 2652/5/3 2651/5/3
f 2654/5/3 2652/5/3 2653/5/3
f 2657/5/3 2656/5/3 2655/5/3
f 2658/5/3 2656/5/3 2657/5/3
f 2661/5/3 2660/5/3 2659/5/3
f 2662/5/3 2660/5/3 2661/5/3
f 2665/5/3 2664/5/3 2663/5/3
f 2666/5/3 2664/5/3 2665/5/3
f 2669/5/3 2668/5/3 2667/5/3
f 2670/5/3 2668/5/3 2669/5/3
f 2673/4/3 2672/4/3 2671/4/3
f 2674/4/3 2672/4/3 2673/4/3
f 2679/5/3 2676/5/3 2675/5/3
f 2679/5/3 2677/5/3 2676/5/3
f 2680/5/3 2677/5/3 2679/5/3
f 2681/4/3 2678/4/3 2677/4/3
f 2681/5/3 2677/5/3 2680/5/3
f 2682/4/3 2678/4/3 2681/4/3
f 2686/5/3 2684/5/3 2683/5/3
f 2687/5/3 2684/5/3 2686/5/3
f 2688/4/3 2685/4/3 2684/4/3
f 2688/5/3 2684/5/3 2687/5/3
f 2689/4/3 2685/4/3 2688/4/3
f 2692/5/3 2691/5/3 2690/5/3
f 2693/5/3 2691/5/3 2692/5/3
f 2697/5/3 2695/5/3 2694/5/3
f 2697/4/3 2696/4/3 2695/4/3
f 2698/4/3 2696/4/3 2697/4/3
f 2699/5/3 2697/5/3 2694/5/3
f 2701/5/3 2700/5/3 2699/5/3
f 2702/5/3 2700/5/3 2701/5/3
f 2703/5/3 2701/5/3 2699/5/3
f 2706/5/3 2699/5/3 2694/5/3
f 2706/5/3 2703/5/3 2699/5/3
f 2706/5/3 2704/5/3 2703/5/3
f 2707/5/3 2704/5/3 2706/5/3
f 2708/4/3 2705/4/3 2704/4/3
f 2708/5/3 2704/5/3 2707/5/3
f 2709/4/3 2705/4/3 2708/4/3
f 2713/5/3 2711/5/3 2710/5/3
f 2713/5/3 2712/5/3 2711/5/3
f 2714/5/3 2712/5/3 2713/5/3
f 2715/5/3 2712/5/3 2714/5/3
f 2718/5/3 2717/5/3 2716/5/3
f 2719/5/3 2717/5/3 2718/5/3
f 2723/5/3 2721/5/3 2720/5/3
f 2723/5/3 2722/5/3 2721/5/3
f 2724/5/3 2722/5/3 2723/5/3
f 2727/5/3 2726/5/3 2725/5/3
f 2728/5/3 2726/5/3 2727/5/3
f 2731/5/3 2730/5/3 2729/5/3
f 2732/5/3 2730/5/3 2731/5/3
f 2736/5/3 2734/5/3 2733/5/3
f 2736/5/3 2735/5/3 2734/5/3
f 2737/5/3 2735/5/3 2736/5/3
f 2738/5/3 2735/5/3 2737/5/3
f 2741/5/3 2740/5/3 2739/5/3
f 2742/5/3 2740/5/3 2741/5/3
f 2746/5/3 2744/5/3 2743/5/3
f 2746/5/3 2745/5/3 2744/5/3
f 2747/5/3 2745/5/3 2746/5/3
f 2750/5/3 2749/5/3 2748/5/3
f 2751/5/3 2749/5/3 2750/5/3
f 2754/5/3 2753/5/3 2752/5/3
f 2755/5/3 2753/5/3 2754/5/3
f 2759/5/3 2757/5/3 2756/5/3
f 2759/5/3 2758/5/3 2757/5/3
f 2760/5/3 2758/5/3 2759/5/3
f 2763/5/3 2762/5/3 2761/5/3
f 2764/5/3 2762/5/3 2763/5/3
f 2767/5/3 2766/5/3 2765/5/3
f 2768/5/3 2766/5/3 2767/5/3
f 2771/5/3 2770/5/3 2769/5/3
f 2772/5/3 2770/5/3 2771/5/3
f 2775/6/3 2774/6/3 2773/6/3
f 2776/6/3 2774/6/3 2775/6/3
f 2779/6/3 2778/6/3 2777/6/3
f 2780/6/3 2778/6/3 2779/6/3
f 2781/6/3 2778/6/3 2780/6/3
f 2784/6/3 2783/6/3 2782/6/3
f 2785/6/3 2783/6/3 2784/6/3
f 2789/5/3 2787/5/3 2786/5/3
f 2790/5/3 2789/5/3 2788/5/3
f 2791/5/3 2787/5/3 2789/5/3
f 2791/5/3 2789/5/3 2790/5/3
f 2794/5/3 2793/5/3 2792/5/3
f 2795/5/3 2793/5/3 2794/5/3
f 2798/4/3 2797/4/3 2796/4/3
f 2799/4/3 2797/4/3 2798/4/3
f 2802/6/3 2801/6/3 2800/6/3
f 2803/6/3 2801/6/3 2802/6/3
f 2807/6/3 2805/6/3 2804/6/3
f 2807/6/3 2806/6/3 2805/6/3
f 2808/6/3 2806/6/3 2807/6/3
f 2809/6/3 2806/6/3 2808/6/3
f 2813/6/3 2811/6/3 2810/6/3
f 2813/6/3 2812/6/3 2811/6/3
f 2814/6/3 2812/6/3 2813/6/3
f 2817/5/3 2816/5/3 2815/5/3
f 2818/5/3 2816/5/3 2817/5/3
f 2821/5/3 2820/5/3 2819/5/3
f 2822/5/3 2820/5/3 2821/5/3
f 2825/5/3 2824/5/3 2823/5/3
f 2826/5/3 2824/5/3 2825/5/3
f 2829/5/3 2828/5/3 2827/5/3
f 2830/5/3 2828/5/3 2829/5/3
f 2834/6/3 2832/6/3 2831/6/3
f 2834/6/3 2833/6/3 2832/6/3
f 2835/6/3 2833/6/3 2834/6/3
f 2836/6/3 2833/6/3 2835/6/3
f 2840/5/3 2838/5/3 2837/5/3
f 2841/4/3 2839/4/3 2838/4/3
f 2841/5/3 2838/5/3 2840/5/3
f 2842/4/3 2839/4/3 2841/4/3
f 2845/5/3 2844/5/3 2843/5/3
f 2846/5/3 2844/5/3 2845/5/3
f 2849/5/3 2848/5/3 2847/5/3
f 2850/5/3 2848/5/3 2849/5/3
f 2851/5/3 2848/5/3 2850/5/3
f 2854/5/3 2853/5/3 2852/5/3
f 2855/5/3 2853/5/3 2854/5/3
f 2858/5/3 2857/5/3 2856/5/3
f 2859/5/3 2857/5/3 2858/5/3
f 2862/5/3 2861/5/3 2860/5/3
f 2863/5/3 2861/5/3 2862/5/3
f 2866/5/3 2865/5/3 2864/5/3
f 2867/5/3 2865/5/3 2866/5/3
f 2870/5/3 2869/5/3 2868/5/3
f 2871/5/3 2869/5/3 2870/5/3
f 2874/5/3 2873/5/3 2872/5/3
f 2875/5/3 2873/5/3 2874/5/3
f 2878/5/3 2877/5/3 2876/5/3
f 2879/5/3 2877/5/3 2878/5/3
f 2882/5/3 2881/5/3 2880/5/3
f 2885/5/3 2882/5/3 2880/5/3
f 2885/5/3 2883/5/3 2882/5/3
f 2886/5/3 2883/5/3 2885/5/3
f 2887/4/3 2884/4/3 2883/4/3
f 2887/5/3 2883/5/3 2886/5/3
f 2888/4/3 2884/4/3 2887/4/3
f 2891/5/3 2890/5/3 2889/5/3
f 2892/5/3 2890/5/3 2891/5/3
f 2895/5/3 2894/5/3 2893/5/3
f 2896/5/3 2894/5/3 2895/5/3
f 2899/5/3 2898/5/3 2897/5/3
f 2900/5/3 2898/5/3 2899/5/3
f 2903/5/3 2902/5/3 2901/5/3
f 2904/5/3 2902/5/3 2903/5/3
f 2907/5/3 2906/5/3 2905/5/3
f 2908/5/3 2906/5/3 2907/5/3
f 2911/5/3 2910/5/3 2909/5/3
f 2912/5/3 2910/5/3 2911/5/3
f 2916/5/3 2914/5/3 2913/5/3
f 2917/4/3 2915/4/3 2914/4/3
f 2917/5/3 2914/5/3 2916/5/3
f 2918/4/3 2915/4/3 2917/4/3
f 2922/5/3 2920/5/3 2919/5/3
f 2922/5/3 2921/5/3 2920/5/3
f 2923/5/3 2921/5/3 2922/5/3
f 2924/5/3 2921/5/3 2923/5/3
f 2927/5/3 2926/5/3 2925/5/3
f 2928/5/3 2926/5/3 2927/5/3
f 2931/5/3 2930/5/3 2929/5/3
f 2933/5/3 2931/5/3 2929/5/3
f 2934/4/3 2932/4/3 2931/4/3
f 2934/5/3 2931/5/3 2933/5/3
f 2935/4/3 2932/4/3 2934/4/3
f 2938/5/3 2937/5/3 2936/5/3
f 2939/5/3 2937/5/3 2938/5/3
f 2942/5/3 2941/5/3 2940/5/3
f 2943/5/3 2941/5/3 2942/5/3
f 2946/5/3 2945/5/3 2944/5/3
f 2947/5/3 2945/5/3 2946/5/3
f 2950/5/3 2949/5/3 2948/5/3
f 2951/5/3 2949/5/3 2950/5/3
f 2954/5/3 2953/5/3 2952/5/3
f 2955/5/3 2953/5/3 2954/5/3
f 2958/5/3 2957/5/3 2956/5/3
f 2959/5/3 2957/5/3 2958/5/3
f 2964/5/3 2961/5/3 2960/5/3
f 2964/5/3 2962/5/3 2961/5/3
f 2965/4/3 2963/4/3 2962/4/3
f 2965/5/3 2962/5/3 2964/5/3
f 2966/4/3 2963/4/3 2965/4/3
f 2969/5/3 2968/5/3 2967/5/3
f 2970/5/3 2968/5/3 2969/5/3
f 2974/5/3 2972/5/3 2971/5/3
f 2975/5/3 2972/5/3 2974/5/3
f 2976/4/3 2973/4/3 2972/4/3
f 2976/5/3 2972/5/3 2975/5/3
f 2977/4/3 2973/4/3 2976/4/3
f 2980/5/3 2979/5/3 2978/5/3
f 2981/5/3 2979/5/3 2980/5/3
f 2982/5/3 2979/5/3 2981/5/3
f 2985/5/3 2984/5/3 2983/5/3
f 2986/5/3 2984/5/3 2985/5/3
f 2989/5/3 2988/5/3 2987/5/3
f 2990/5/3 2988/5/3 2989/5/3
f 2994/5/3 2992/5/3 2991/5/3
f 2995/4/3 2993/4/3 2992/4/3
f 2995/5/3 2992/5/3 2994/5/3
f 2996/4/3 2993/4/3 2995/4/3
f 2997/5/3 2994/5/3 2991/5/3
f 2998/5/3 2994/5/3 2997/5/3
f 3001/5/3 3000/5/3 2999/5/3
f 3002/5/3 3000/5/3 3001/5/3
f 3005/5/3 3004/5/3 3003/5/3
f 3006/5/3 3004/5/3 3005/5/3
f 3009/5/3 3008/5/3 3007/5/3
f 3010/5/3 3008/5/3 3009/5/3
f 3013/5/3 3012/5/3 3011/5/3
f 3014/5/3 3012/5/3 3013/5/3
f 3015/5/4 3016/5/4 3017/5/4
f 3017/5/4 3016/5/4 3018/5/4
f 3019/4/4 3020/4/4 3021/4/4
f 3021/4/4 3020/4/4 3022/4/4
f 3023/5/4 3024/5/4 3025/5/4
f 3025/5/4 3024/5/4 3026/5/4
f 3027/5/4 3028/5/4 3029/5/4
f 3029/5/4 3028/5/4 3030/5/4
f 3030/5/4 3028/5/4 3031/5/4
f 3032/5/4 3033/5/4 3034/5/4
f 3034/5/4 3033/5/4 3035/5/4
f 3036/5/4 3037/5/4 3038/5/4
f 3038/5/4 3037/5/4 3039/5/4
f 3039/5/4 3037/5/4 3040/5/4
f 3041/5/4 3042/5/4 3043/5/4
f 3043/5/4 3042/5/4 3044/5/4
f 3045/5/4 3046/5/4 3048/5/4
f 3046/5/4 3047/5/4 3048/5/4
f 3048/5/4 3047/5/4 3049/5/4
f 3049/5/4 3047/5/4 3050/5/4
f 3051/5/4 3052/5/4 3053/5/4
f 3053/5/4 3052/5/4 3054/5/4
f 3055/5/4 3056/5/4 3057/5/4
f 3057/5/4 3056/5/4 3058/5/4
f 3059/5/4 3060/5/4 3062/5/4
f 3060/4/4 3061/4/4 3063/4/4
f 3062/5/4 3060/5/4 3063/5/4
f 3063/4/4 3061/4/4 3064/4/4
f 3065/5/4 3066/5/4 3068/5/4
f 3066/5/4 3067/5/4 3068/5/4
f 3068/5/4 3067/5/4 3069/5/4
f 3069/5/4 3067/5/4 3070/5/4
f 3071/5/4 3072/5/4 3075/5/4
f 3072/5/4 3073/5/4 3075/5/4
f 3073/4/4 3074/4/4 3076/4/4
f 3075/5/4 3073/5/4 3076/5/4
f 3076/4/4 3074/4/4 3077/4/4
f 3071/5/4 3075/5/4 3078/5/4
f 3071/5/4 3078/5/4 3080/5/4
f 3078/5/4 3079/5/4 3080/5/4
f 3080/5/4 3079/5/4 3081/5/4
f 3071/5/4 3080/5/4 3082/5/4
f 3071/5/4 3082/5/4 3084/5/4
f 3082/5/4 3083/5/4 3084/5/4
f 3084/5/4 3083/5/4 3085/5/4
f 3086/5/4 3087/5/4 3088/5/4
f 3088/5/4 3087/5/4 3089/5/4
f 3090/5/4 3091/5/4 3094/5/4
f 3091/5/4 3092/5/4 3094/5/4
f 3092/4/4 3093/4/4 3095/4/4
f 3094/5/4 3092/5/4 3095/5/4
f 3095/4/4 3093/4/4 3096/4/4
f 3097/5/4 3098/5/4 3101/5/4
f 3098/5/4 3099/5/4 3101/5/4
f 3101/5/4 3099/5/4 3102/5/4
f 3099/4/4 3100/4/4 3103/4/4
f 3102/5/4 3099/5/4 3103/5/4
f 3103/4/4 3100/4/4 3104/4/4
f 3105/5/4 3106/5/4 3107/5/4
f 3107/5/4 3106/5/4 3108/5/4
f 3109/4/4 3110/4/4 3111/4/4
f 3111/4/4 3110/4/4 3112/4/4
f 3111/5/4 3112/5/4 3113/5/4
f 3113/5/4 3112/5/4 3114/5/4
f 3115/5/4 3116/5/4 3117/5/4
f 3117/5/4 3116/5/4 3118/5/4
f 3119/5/4 3120/5/4 3121/5/4
f 3121/5/4 3120/5/4 3122/5/4
f 3123/5/4 3124/5/4 3125/5/4
f 3125/5/4 3124/5/4 3126/5/4
f 3127/5/4 3128/5/4 3129/5/4
f 3129/5/4 3128/5/4 3130/5/4
f 3131/5/4 3132/5/4 3133/5/4
f 3133/5/4 3132/5/4 3134/5/4
f 3135/5/4 3136/5/4 3138/5/4
f 3136/5/4 3137/5/4 3138/5/4
f 3138/5/4 3137/5/4 3139/5/4
f 3140/5/4 3141/5/4 3143/5/4
f 3141/5/4 3142/5/4 3143/5/4
f 3143/5/4 3142/5/4 3144/5/4
f 3144/5/4 3142/5/4 3145/5/4
f 3146/6/4 3147/6/4 3148/6/4
f 3148/6/4 3147/6/4 3149/6/4
f 3150/5/4 3151/5/4 3153/5/4
f 3153/5/4 3151/5/4 3154/5/4
f 3154/5/4 3151/5/4 3155/5/4
f 3152/5/4 3153/5/4 3156/5/4
f 3153/5/4 3154/5/4 3156/5/4
f 3156/5/4 3154/5/4 3157/5/4
f 3154/4/4 3155/4/4 3158/4/4
f 3157/5/4 3154/5/4 3158/5/4
f 3158/4/4 3155/4/4 3159/4/4
f 3160/5/4 3161/5/4 3163/5/4
f 3161/5/4 3162/5/4 3163/5/4
f 3163/5/4 3162/5/4 3164/5/4
f 3164/5/4 3162/5/4 3165/5/4
f 3166/5/4 3167/5/4 3168/5/4
f 3168/5/4 3167/5/4 3169/5/4
f 3170/6/4 3171/6/4 3172/6/4
f 3172/6/4 3171/6/4 3173/6/4
f 3174/5/4 3175/5/4 3176/5/4
f 3174/5/4 3176/5/4 3179/5/4
f 3176/5/4 3177/5/4 3179/5/4
f 3179/5/4 3177/5/4 3180/5/4
f 3177/6/4 3178/6/4 3181/6/4
f 3180/5/4 3177/5/4 3181/5/4
f 3181/6/4 3178/6/4 3182/6/4
f 3183/5/4 3184/5/4 3185/5/4
f 3185/5/4 3184/5/4 3186/5/4
f 3187/5/4 3188/5/4 3189/5/4
f 3189/5/4 3188/5/4 3190/5/4
f 3191/6/4 3192/6/4 3193/6/4
f 3193/6/4 3192/6/4 3194/6/4
f 3195/6/4 3196/6/4 3197/6/4
f 3197/6/4 3196/6/4 3198/6/4
f 3199/5/4 3200/5/4 3201/5/4
f 3201/5/4 3200/5/4 3202/5/4
f 3201/6/4 3202/6/4 3203/6/4
f 3203/6/4 3202/6/4 3204/6/4
f 3205/5/4 3206/5/4 3207/5/4
f 3207/5/4 3206/5/4 3208/5/4
f 3209/14/4 3210/14/4 3213/14/4
f 3213/14/4 3210/14/4 3214/14/4
f 3211/2/4 3212/2/4 3216/2/4
f 3216/2/4 3212/2/4 3217/2/4
f 3214/9/4 3215/9/4 3219/9/4
f 3219/9/4 3215/9/4 3220/9/4
f 3217/2/4 3218/2/4 3222/2/4
f 3222/2/4 3218/2/4 3223/2/4
f 3221/2/4 3222/2/4 3226/2/4
f 3226/2/4 3222/2/4 3227/2/4
f 3224/14/4 3225/14/4 3229/14/4
f 3229/14/4 3225/14/4 3230/14/4
f 3228/9/4 3229/9/4 3231/9/4
f 3231/9/4 3229/9/4 3232/9/4
f 3233/6/4 3234/6/4 3236/6/4
f 3234/6/4 3235/6/4 3236/6/4
f 3236/6/4 3235/6/4 3237/6/4
f 3238/6/4 3239/6/4 3240/6/4
f 3240/6/4 3239/6/4 3241/6/4
f 3242/5/4 3243/5/4 3244/5/4
f 3244/5/4 3243/5/4 3245/5/4
f 3245/5/4 3243/5/4 3246/5/4
f 3246/5/4 3243/5/4 3247/5/4
f 3248/9/4 3249/9/4 3252/9/4
f 3252/9/4 3249/9/4 3253/9/4
f 3253/14/4 3254/14/4 3255/14/4
f 3255/14/4 3254/14/4 3256/14/4
f 3250/2/4 3251/2/4 3257/2/4
f 3257/2/4 3251/2/4 3258/2/4
f 3255/9/4 3256/9/4 3260/9/4
f 3260/9/4 3256/9/4 3261/9/4
f 3259/9/4 3260/9/4 3262/9/4
f 3262/9/4 3260/9/4 3263/9/4
f 3264/6/4 3265/6/4 3266/6/4
f 3266/6/4 3265/6/4 3267/6/4
f 3268/6/4 3269/6/4 3271/6/4
f 3269/6/4 3270/6/4 3271/6/4
f 3271/6/4 3270/6/4 3272/6/4
f 3272/6/4 3270/6/4 3273/6/4
f 3274/6/4 3275/6/4 3276/6/4
f 3276/6/4 3275/6/4 3277/6/4
f 3278/5/4 3279/5/4 3280/5/4
f 3280/5/4 3279/5/4 3281/5/4
f 3282/9/4 3283/9/4 3284/9/4
f 3284/9/4 3283/9/4 3285/9/4
f 3286/6/4 3287/6/4 3289/6/4
f 3287/6/4 3288/6/4 3289/6/4
f 3289/6/4 3288/6/4 3290/6/4
f 3290/6/4 3288/6/4 3291/6/4
f 3292/6/4 3293/6/4 3294/6/4
f 3294/6/4 3293/6/4 3295/6/4
f 3296/5/4 3297/5/4 3298/5/4
f 3298/5/4 3297/5/4 3299/5/4
f 3300/5/4 3301/5/4 3303/5/4
f 3303/5/4 3301/5/4 3304/5/4
f 3301/4/4 3302/4/4 3305/4/4
f 3304/5/4 3301/5/4 3305/5/4
f 3305/4/4 3302/4/4 3306/4/4
f 3307/6/4 3308/6/4 3309/6/4
f 3309/6/4 3308/6/4 3310/6/4
f 3311/5/4 3312/5/4 3313/5/4
f 3311/5/4 3313/5/4 3315/5/4
f 3313/5/4 3314/5/4 3315/5/4
f 3315/5/4 3314/5/4 3316/5/4
f 3317/5/4 3318/5/4 3319/5/4
f 3319/5/4 3318/5/4 3320/5/4
f 3321/5/4 3322/5/4 3324/5/4
f 3322/4/4 3323/4/4 3325/4/4
f 3324/5/4 3322/5/4 3325/5/4
f 3325/4/4 3323/4/4 3326/4/4
f 3327/5/4 3328/5/4 3329/5/4
f 3329/5/4 3328/5/4 3330/5/4
f 3331/5/4 3332/5/4 3333/5/4
f 3331/5/4 3333/5/4 3335/5/4
f 3333/5/4 3334/5/4 3335/5/4
f 3335/5/4 3334/5/4 3336/5/4
f 3337/6/4 3338/6/4 3339/6/4
f 3339/6/4 3338/6/4 3340/6/4
f 3341/5/4 3342/5/4 3344/5/4
f 3342/4/4 3343/4/4 3345/4/4
f 3344/5/4 3342/5/4 3345/5/4
f 3345/4/4 3343/4/4 3346/4/4
f 3347/5/4 3348/5/4 3351/5/4
f 3348/5/4 3349/5/4 3351/5/4
f 3351/5/4 3349/5/4 3352/5/4
f 3349/4/4 3350/4/4 3353/4/4
f 3352/5/4 3349/5/4 3353/5/4
f 3353/4/4 3350/4/4 3354/4/4
f 3355/6/4 3356/6/4 3357/6/4
f 3357/6/4 3356/6/4 3358/6/4
f 3358/6/4 3356/6/4 3359/6/4
f 3357/5/4 3358/5/4 3360/5/4
f 3357/5/4 3360/5/4 3362/5/4
f 3360/5/4 3361/5/4 3362/5/4
f 3362/5/4 3361/5/4 3363/5/4
f 3364/5/4 3365/5/4 3366/5/4
f 3366/5/4 3365/5/4 3367/5/4
f 3368/5/4 3369/5/4 3370/5/4
f 3370/5/4 3369/5/4 3371/5/4
f 3372/5/4 3373/5/4 3374/5/4
f 3374/5/4 3373/5/4 3375/5/4
f 3376/5/4 3377/5/4 3378/5/4
f 3378/5/4 3377/5/4 3379/5/4
f 3380/5/4 3381/5/4 3382/5/4
f 3382/5/4 3381/5/4 3383/5/4
f 3384/5/4 3385/5/4 3386/5/4
f 3386/5/4 3385/5/4 3387/5/4
f 3384/5/4 3386/5/4 3388/5/4
f 3388/5/4 3386/5/4 3389/5/4
f 3390/5/4 3391/5/4 3393/5/4
f 3391/4/4 3392/4/4 3394/4/4
f 3393/5/4 3391/5/4 3394/5/4
f 3394/4/4 3392/4/4 3395/4/4
f 3396/5/4 3397/5/4 3398/5/4
f 3398/5/4 3397/5/4 3399/5/4
f 3399/5/4 3397/5/4 3400/5/4
f 3401/5/4 3402/5/4 3404/5/4
f 3402/4/4 3403/4/4 3404/4/4
f 3404/4/4 3403/4/4 3405/4/4
f 3401/5/4 3404/5/4 3406/5/4
f 3406/5/4 3404/5/4 3407/5/4
f 3408/5/4 3409/5/4 3410/5/4
f 3410/5/4 3409/5/4 3411/5/4
f 3411/5/4 3409/5/4 3412/5/4
f 3413/5/4 3414/5/4 3415/5/4
f 3415/5/4 3414/5/4 3416/5/4
f 3417/5/4 3418/5/4 3420/5/4
f 3418/4/4 3419/4/4 3421/4/4
f 3420/5/4 3418/5/4 3421/5/4
f 3421/4/4 3419/4/4 3422/4/4
f 3417/5/4 3420/5/4 3423/5/4
f 3423/5/4 3420/5/4 3424/5/4
f 3425/6/4 3426/6/4 3427/6/4
f 3427/6/4 3426/6/4 3428/6/4
f 3428/5/4 3429/5/4 3430/5/4
f 3430/5/4 3429/5/4 3431/5/4
f 3432/5/4 3433/5/4 3434/5/4
f 3434/5/4 3433/5/4 3435/5/4
f 3436/13/4 3437/13/4 3438/13/4
f 3438/13/4 3437/13/4 3439/13/4
f 3440/5/4 3441/5/4 3442/5/4
f 3442/5/4 3441/5/4 3443/5/4
f 3444/6/4 3445/6/4 3446/6/4
f 3444/6/4 3446/6/4 3448/6/4
f 3446/6/4 3447/6/4 3448/6/4
f 3448/6/4 3447/6/4 3449/6/4
f 3449/6/4 3447/6/4 3450/6/4
f 3451/4/4 3452/4/4 3453/4/4
f 3453/4/4 3452/4/4 3454/4/4
f 3455/6/4 3456/6/4 3457/6/4
f 3457/6/4 3456/6/4 3458/6/4
f 3459/6/4 3460/6/4 3461/6/4
f 3461/6/4 3460/6/4 3462/6/4
f 3463/5/4 3464/5/4 3465/5/4
f 3465/5/4 3464/5/4 3466/5/4
f 3467/5/4 3468/5/4 3470/5/4
f 3468/5/4 3469/5/4 3470/5/4
f 3470/5/4 3469/5/4 3471/5/4
f 3472/5/4 3473/5/4 3474/5/4
f 3474/5/4 3473/5/4 3475/5/4
f 3476/5/4 3477/5/4 3478/5/4
f 3478/5/4 3477/5/4 3479/5/4
f 3480/5/4 3481/5/4 3482/5/4
f 3482/5/4 3481/5/4 3483/5/4
f 3484/8/4 3485/8/4 3487/8/4
f 3487/8/4 3485/8/4 3488/8/4
f 3488/8/4 3485/8/4 3489/8/4
f 3486/8/4 3487/8/4 3492/8/4
f 3487/8/4 3488/8/4 3492/8/4
f 3492/8/4 3488/8/4 3493/8/4
f 3493/8/4 3488/8/4 3494/8/4
f 3490/8/4 3491/8/4 3495/8/4
f 3495/8/4 3491/8/4 3496/8/4
f 3493/8/4 3494/8/4 3497/8/4
f 3494/8/4 3495/8/4 3497/8/4
f 3497/8/4 3495/8/4 3498/8/4
f 3498/8/4 3495/8/4 3499/8/4
f 3500/13/4 3501/13/4 3502/13/4
f 3502/13/4 3501/13/4 3503/13/4
f 3500/13/4 3502/13/4 3504/13/4
f 3502/12/4 3503/12/4 3505/12/4
f 3504/13/4 3502/13/4 3505/13/4
f 3503/13/4 3501/13/4 3506/13/4
f 3505/12/4 3503/12/4 3506/12/4
f 3504/11/4 3505/11/4 3507/11/4
f 3500/13/4 3504/13/4 3507/13/4
f 3505/13/4 3506/13/4 3508/13/4
f 3507/11/4 3505/11/4 3508/11/4
f 3500/13/4 3507/13/4 3509/13/4
f 3507/13/4 3508/13/4 3509/13/4
f 3509/13/4 3508/13/4 3510/13/4
f 3506/13/4 3501/13/4 3511/13/4
f 3510/13/4 3508/13/4 3511/13/4
f 3508/13/4 3506/13/4 3511/13/4
f 3511/13/4 3501/13/4 3512/13/4
f 3512/13/4 3501/13/4 3513/13/4
f 3509/12/4 3510/12/4 3514/12/4
f 3500/13/4 3509/13/4 3514/13/4
f 3510/13/4 3511/13/4 3515/13/4
f 3514/12/4 3510/12/4 3515/12/4
f 3511/11/4 3512/11/4 3516/11/4
f 3515/13/4 3511/13/4 3516/13/4
f 3512/12/4 3513/12/4 3517/12/4
f 3516/11/4 3512/11/4 3517/11/4
f 3513/13/4 3501/13/4 3518/13/4
f 3517/12/4 3513/12/4 3518/12/4
f 3516/13/4 3517/13/4 3519/13/4
f 3515/13/4 3516/13/4 3519/13/4
f 3517/13/4 3518/13/4 3519/13/4
f 3514/13/4 3515/13/4 3519/13/4
f 3500/13/4 3514/13/4 3519/13/4
f 3518/13/4 3501/13/4 3520/13/4
f 3519/13/4 3518/13/4 3520/13/4
f 3521/5/4 3522/5/4 3523/5/4
f 3523/5/4 3522/5/4 3524/5/4
f 3525/5/4 3526/5/4 3527/5/4
f 3527/5/4 3526/5/4 3528/5/4
f 3529/5/4 3530/5/4 3531/5/4
f 3531/5/4 3530/5/4 3532/5/4
f 3533/7/4 3534/7/4 3537/7/4
f 3537/7/4 3534/7/4 3538/7/4
f 3538/7/4 3534/7/4 3539/7/4
f 3535/8/4 3536/8/4 3542/8/4
f 3536/7/4 3537/7/4 3543/7/4
f 3542/8/4 3536/8/4 3543/8/4
f 3543/7/4 3537/7/4 3544/7/4
f 3540/8/4 3541/8/4 3547/8/4
f 3545/7/4 3546/7/4 3549/7/4
f 3544/7/4 3545/7/4 3549/7/4
f 3549/7/4 3546/7/4 3550/7/4
f 3547/8/4 3548/8/4 3551/8/4
f 3540/8/4 3547/8/4 3551/8/4
f 3551/8/4 3548/8/4 3552/8/4
f 3552/8/4 3548/8/4 3553/8/4
f 3554/5/4 3555/5/4 3556/5/4
f 3556/5/4 3555/5/4 3557/5/4
f 3558/5/4 3559/5/4 3561/5/4
f 3559/4/4 3560/4/4 3562/4/4
f 3561/5/4 3559/5/4 3562/5/4
f 3562/4/4 3560/4/4 3563/4/4
f 3564/5/4 3565/5/4 3566/5/4
f 3566/5/4 3565/5/4 3567/5/4
f 3564/5/4 3566/5/4 3568/5/4
f 3566/4/4 3567/4/4 3569/4/4
f 3568/5/4 3566/5/4 3569/5/4
f 3569/4/4 3567/4/4 3570/4/4
f 3571/4/4 3572/4/4 3573/4/4
f 3573/4/4 3572/4/4 3574/4/4
f 3575/5/4 3576/5/4 3578/5/4
f 3576/5/4 3577/5/4 3578/5/4
f 3578/5/4 3577/5/4 3579/5/4
f 3580/7/4 3581/7/4 3582/7/4
f 3582/7/4 3581/7/4 3583/7/4
f 3584/8/4 3585/8/4 3586/8/4
f 3586/8/4 3585/8/4 3587/8/4
f 3588/5/4 3589/5/4 3590/5/4
f 3590/5/4 3589/5/4 3591/5/4
f 3592/13/4 3593/13/4 3594/13/4
f 3594/13/4 3593/13/4 3595/13/4
f 3596/5/4 3597/5/4 3598/5/4
f 3596/5/4 3598/5/4 3600/5/4
f 3598/5/4 3599/5/4 3600/5/4
f 3600/5/4 3599/5/4 3601/5/4
f 3602/5/4 3603/5/4 3604/5/4
f 3604/5/4 3603/5/4 3605/5/4
f 3606/5/4 3607/5/4 3608/5/4
f 3608/5/4 3607/5/4 3609/5/4
f 3610/5/4 3611/5/4 3612/5/4
f 3612/5/4 3611/5/4 3613/5/4
f 3614/5/4 3615/5/4 3616/5/4
f 3616/5/4 3615/5/4 3617/5/4
f 3618/4/4 3619/4/4 3620/4/4
f 3620/4/4 3619/4/4 3621/4/4
f 3622/5/4 3623/5/4 3625/5/4
f 3623/4/4 3624/4/4 3626/4/4
f 3625/5/4 3623/5/4 3626/5/4
f 3626/4/4 3624/4/4 3627/4/4
f 3628/5/4 3629/5/4 3632/5/4
f 3629/5/4 3630/5/4 3632/5/4
f 3630/4/4 3631/4/4 3633/4/4
f 3632/5/4 3630/5/4 3633/5/4
f 3633/4/4 3631/4/4 3634/4/4
f 3635/5/4 3636/5/4 3637/5/4
f 3637/5/4 3636/5/4 3638/5/4
f 3639/5/4 3640/5/4 3641/5/4
f 3639/5/4 3641/5/4 3643/5/4
f 3641/5/4 3642/5/4 3643/5/4
f 3643/5/4 3642/5/4 3644/5/4
f 3644/5/4 3642/5/4 3645/5/4
f 3645/5/4 3642/5/4 3646/5/4
f 3644/5/4 3645/5/4 3648/5/4
f 3648/5/4 3645/5/4 3649/5/4
f 3648/5/4 3649/5/4 3652/5/4
f 3647/5/4 3648/5/4 3652/5/4
f 3649/5/4 3650/5/4 3652/5/4
f 3650/4/4 3651/4/4 3653/4/4
f 3652/5/4 3650/5/4 3653/5/4
f 3653/4/4 3651/4/4 3654/4/4
f 3655/5/4 3656/5/4 3657/5/4
f 3657/5/4 3656/5/4 3658/5/4
f 3659/5/4 3660/5/4 3661/5/4
f 3661/5/4 3660/5/4 3662/5/4
f 3663/13/4 3664/13/4 3665/13/4
f 3665/13/4 3664/13/4 3666/13/4
f 3667/5/4 3668/5/4 3669/5/4
f 3669/5/4 3668/5/4 3670/5/4
f 3671/5/4 3672/5/4 3673/5/4
f 3673/5/4 3672/5/4 3674/5/4
f 3675/5/4 3676/5/4 3677/5/4
f 3677/5/4 3676/5/4 3678/5/4
f 3679/5/4 3680/5/4 3681/5/4
f 3679/5/4 3681/5/4 3683/5/4
f 3681/5/4 3682/5/4 3683/5/4
f 3683/5/4 3682/5/4 3684/5/4
f 3685/5/4 3686/5/4 3687/5/4
f 3687/5/4 3686/5/4 3688/5/4
f 3689/5/4 3690/5/4 3691/5/4
f 3691/5/4 3690/5/4 3692/5/4
f 3693/5/4 3694/5/4 3696/5/4
f 3694/5/4 3695/5/4 3696/5/4
f 3696/5/4 3695/5/4 3697/5/4
f 3698/5/4 3699/5/4 3700/5/4
f 3700/5/4 3699/5/4 3701/5/4
f 3702/5/4 3703/5/4 3705/5/4
f 3703/5/4 3704/5/4 3705/5/4
f 3705/5/4 3704/5/4 3706/5/4
f 3707/5/4 3708/5/4 3709/5/4
f 3709/5/4 3708/5/4 3710/5/4
f 3711/5/4 3712/5/4 3713/5/4
f 3713/5/4 3712/5/4 3714/5/4
f 3715/5/4 3716/5/4 3717/5/4
f 3717/5/4 3716/5/4 3718/5/4
f 3719/6/4 3720/6/4 3721/6/4
f 3721/6/4 3720/6/4 3722/6/4
f 3722/6/4 3720/6/4 3723/6/4
f 3724/6/4 3725/6/4 3727/6/4
f 3725/6/4 3726/6/4 3727/6/4
f 3727/6/4 3726/6/4 3728/6/4
f 3729/6/4 3730/6/4 3731/6/4
f 3731/6/4 3730/6/4 3732/6/4
f 3733/5/4 3734/5/4 3735/5/4
f 3735/5/4 3734/5/4 3736/5/4
f 3736/5/4 3734/5/4 3737/5/4
f 3737/5/4 3734/5/4 3738/5/4
f 3739/5/4 3740/5/4 3741/5/4
f 3741/5/4 3740/5/4 3742/5/4
f 3743/4/4 3744/4/4 3745/4/4
f 3745/4/4 3744/4/4 3746/4/4
f 3747/6/4 3748/6/4 3749/6/4
f 3749/6/4 3748/6/4 3750/6/4
f 3751/6/4 3752/6/4 3753/6/4
f 3753/6/4 3752/6/4 3754/6/4
f 3755/6/4 3756/6/4 3757/6/4
f 3757/6/4 3756/6/4 3758/6/4
f 3759/5/4 3760/5/4 3761/5/4
f 3761/5/4 3760/5/4 3762/5/4
f 3763/5/4 3764/5/4 3765/5/4
f 3765/5/4 3764/5/4 3766/5/4
f 3767/5/4 3768/5/4 3769/5/4
f 3769/5/4 3768/5/4 3770/5/4
f 3770/5/4 3768/5/4 3771/5/4
f 3772/5/4 3773/5/4 3774/5/4
f 3774/5/4 3773/5/4 3775/5/4
f 3776/6/4 3777/6/4 3778/6/4
f 3778/6/4 3777/6/4 3779/6/4
f 3780/4/4 3781/4/4 3782/4/4
f 3782/4/4 3781/4/4 3783/4/4
f 3784/5/4 3785/5/4 3786/5/4
f 3786/5/4 3785/5/4 3787/5/4
f 3788/5/4 3789/5/4 3790/5/4
f 3790/5/4 3789/5/4 3791/5/4
f 3792/5/4 3793/5/4 3794/5/4
f 3794/5/4 3793/5/4 3795/5/4
f 3796/5/4 3797/5/4 3799/5/4
f 3797/5/4 3798/5/4 3799/5/4
f 3799/5/4 3798/5/4 3800/5/4
f 3800/5/4 3798/5/4 3801/5/4
f 3802/5/4 3803/5/4 3804/5/4
f 3804/5/4 3803/5/4 3805/5/4
f 3806/5/4 3807/5/4 3808/5/4
f 3808/5/4 3807/5/4 3809/5/4
f 3810/5/4 3811/5/4 3812/5/4
f 3812/5/4 3811/5/4 3813/5/4
f 3814/5/4 3815/5/4 3816/5/4
f 3816/5/4 3815/5/4 3817/5/4
f 3818/5/4 3819/5/4 3820/5/4
f 3818/5/4 3820/5/4 3822/5/4
f 3820/5/4 3821/5/4 3822/5/4
f 3822/5/4 3821/5/4 3823/5/4
f 3818/5/4 3822/5/4 3824/5/4
f 3818/5/4 3824/5/4 3827/5/4
f 3824/5/4 3825/5/4 3827/5/4
f 3827/5/4 3825/5/4 3828/5/4
f 3825/4/4 3826/4/4 3829/4/4
f 3828/5/4 3825/5/4 3829/5/4
f 3829/4/4 3826/4/4 3830/4/4
f 3831/5/4 3832/5/4 3833/5/4
f 3833/5/4 3832/5/4 3834/5/4
f 3835/5/4 3836/5/4 3837/5/4
f 3837/5/4 3836/5/4 3838/5/4
f 3839/5/4 3840/5/4 3841/5/4
f 3841/5/4 3840/5/4 3842/5/4
f 3842/5/4 3840/5/4 3843/5/4
f 3844/5/4 3845/5/4 3846/5/4
f 3846/5/4 3845/5/4 3847/5/4
f 3848/5/4 3849/5/4 3850/5/4
f 3850/5/4 3849/5/4 3851/5/4
f 3852/5/4 3853/5/4 3854/5/4
f 3854/5/4 3853/5/4 3855/5/4
f 3856/5/4 3857/5/4 3859/5/4
f 3859/5/4 3857/5/4 3860/5/4
f 3857/4/4 3858/4/4 3861/4/4
f 3860/5/4 3857/5/4 3861/5/4
f 3861/4/4 3858/4/4 3862/4/4
f 3863/5/4 3864/5/4 3865/5/4
f 3865/5/4 3864/5/4 3866/5/4
f 3866/5/4 3864/5/4 3867/5/4
f 3868/5/4 3869/5/4 3870/5/4
f 3870/5/4 3869/5/4 3871/5/4
f 3872/5/4 3873/5/4 3874/5/4
f 3872/5/4 3874/5/4 3876/5/4
f 3874/4/4 3875/4/4 3877/4/4
f 3876/5/4 3874/5/4 3877/5/4
f 3877/4/4 3875/4/4 3878/4/4
f 3879/5/4 3880/5/4 3881/5/4
f 3881/5/4 3880/5/4 3882/5/4
f 3883/5/4 3884/5/4 3885/5/4
f 3885/5/4 3884/5/4 3886/5/4
f 3887/5/4 3888/5/4 3889/5/4
f 3889/5/4 3888/5/4 3890/5/4
f 3891/5/4 3892/5/4 3893/5/4
f 3893/5/4 3892/5/4 3894/5/4
f 3895/5/4 3896/5/4 3897/5/4
f 3897/5/4 3896/5/4 3898/5/4
f 3899/5/4 3900/5/4 3903/5/4
f 3900/5/4 3901/5/4 3903/5/4
f 3901/4/4 3902/4/4 3904/4/4
f 3903/5/4 3901/5/4 3904/5/4
f 3904/4/4 3902/4/4 3905/4/4
f 3906/5/4 3907/5/4 3908/5/4
f 3908/5/4 3907/5/4 3909/5/4
f 3910/5/4 3911/5/4 3913/5/4
f 3913/5/4 3911/5/4 3914/5/4
f 3911/4/4 3912/4/4 3915/4/4
f 3914/5/4 3911/5/4 3915/5/4
f 3915/4/4 3912/4/4 3916/4/4
f 3917/5/4 3918/5/4 3919/5/4
f 3919/5/4 3918/5/4 3920/5/4
f 3921/5/4 3922/5/4 3923/5/4
f 3923/5/4 3922/5/4 3924/5/4
f 3925/5/4 3926/5/4 3928/5/4
f 3926/5/4 3927/5/4 3928/5/4
f 3928/5/4 3927/5/4 3929/5/4
f 3930/5/4 3931/5/4 3933/5/4
f 3931/4/4 3932/4/4 3934/4/4
f 3933/5/4 3931/5/4 3934/5/4
f 3934/4/4 3932/4/4 3935/4/4
f 3930/5/4 3933/5/4 3936/5/4
f 3936/5/4 3933/5/4 3937/5/4
f 3939/5/4 3940/5/4 3941/5/4
f 3939/5/4 3941/5/4 3943/5/4
f 3941/5/4 3942/5/4 3943/5/4
f 3943/5/4 3942/5/4 3944/5/4
f 3939/5/4 3943/5/4 3945/5/4
f 3945/5/4 3946/5/4 3948/5/4
f 3946/4/4 3947/4/4 3949/4/4
f 3948/5/4 3946/5/4 3949/5/4
f 3949/4/4 3947/4/4 3950/4/4
f 3939/5/4 3945/5/4 3951/5/4
f 3945/5/4 3948/5/4 3951/5/4
f 3951/5/4 3948/5/4 3952/5/4
f 3939/5/4 3951/5/4 3953/5/4
f 3939/5/4 3953/5/4 3955/5/4
f 3953/5/4 3954/5/4 3955/5/4
f 3955/5/4 3954/5/4 3956/5/4
f 3939/5/4 3955/5/4 3957/5/4
f 3939/5/4 3957/5/4 3959/5/4
f 3957/5/4 3958/5/4 3959/5/4
f 3959/5/4 3958/5/4 3960/5/4
f 3938/3/4 3939/3/4 3961/3/4
f 3939/5/4 3959/5/4 3962/5/4
f 3961/3/4 3939/3/4 3962/3/4
f 3962/5/4 3959/5/4 3963/5/4
f 3966/3/5 3965/3/5 3964/3/5
f 3967/3/5 3965/3/5 3966/3/5
f 3970/8/5 3969/8/5 3968/8/5
f 3971/8/5 3969/8/5 3970/8/5
f 3974/8/5 3973/8/5 3972/8/5
f 3975/8/5 3973/8/5 3974/8/5
f 3980/9/5 3977/9/5 3976/9/5
f 3981/14/5 3978/14/5 3977/14/5
f 3981/9/5 3977/9/5 3980/9/5
f 3982/14/5 3978/14/5 3981/14/5
f 3985/9/5 3980/9/5 3979/9/5
f 3985/9/5 3983/9/5 3982/9/5
f 3985/9/5 3982/9/5 3981/9/5
f 3985/9/5 3981/9/5 3980/9/5
f 3986/9/5 3983/9/5 3985/9/5
f 3987/9/5 3983/9/5 3986/9/5
f 3988/9/5 3983/9/5 3987/9/5
f 3990/9/5 3985/9/5 3984/9/5
f 3990/9/5 3986/9/5 3985/9/5
f 3991/9/5 3986/9/5 3990/9/5
f 3992/14/5 3991/14/5 3990/14/5
f 3993/9/5 3986/9/5 3991/9/5
f 3993/14/5 3991/14/5 3992/14/5
f 3994/9/5 3986/9/5 3993/9/5
f 3995/9/5 3989/9/5 3988/9/5
f 3995/9/5 3988/9/5 3987/9/5
f 3996/9/5 3989/9/5 3995/9/5
f 3997/9/5 3989/9/5 3996/9/5
f 3998/9/5 3994/9/5 3993/9/5
f 3998/9/5 3996/9/5 3995/9/5
f 3998/9/5 3995/9/5 3994/9/5
f 3999/9/5 3996/9/5 3998/9/5
f 4000/9/5 3996/9/5 3999/9/5
f 4001/9/5 3996/9/5 4000/9/5
f 4002/9/5 4000/9/5 3999/9/5
f 4003/9/5 4000/9/5 4002/9/5
f 4006/8/5 4005/8/5 4004/8/5
f 4007/8/5 4005/8/5 4006/8/5
f 4010/13/5 4009/13/5 4008/13/5
f 4011/13/5 4009/13/5 4010/13/5
f 4014/8/5 4013/8/5 4012/8/5
f 4015/8/5 4013/8/5 4014/8/5
f 4019/7/5 4017/7/5 4016/7/5
f 4020/7/5 4017/7/5 4019/7/5
f 4022/7/5 4019/7/5 4018/7/5
f 4023/7/5 4019/7/5 4022/7/5
f 4024/7/5 4021/7/5 4020/7/5
f 4025/7/5 4021/7/5 4024/7/5
f 4026/7/5 4024/7/5 4023/7/5
f 4027/7/5 4024/7/5 4026/7/5
f 4034/13/5 4029/13/5 4028/13/5
f 4034/16/5 4030/16/5 4029/16/5
f 4035/13/5 4031/13/5 4030/13/5
f 4035/16/5 4030/16/5 4034/16/5
f 4036/16/5 4032/16/5 4031/16/5
f 4036/13/5 4031/13/5 4035/13/5
f 4037/13/5 4033/13/5 4032/13/5
f 4037/16/5 4032/16/5 4036/16/5
f 4038/13/5 4036/13/5 4035/13/5
f 4038/13/5 4035/13/5 4034/13/5
f 4038/13/5 4037/13/5 4036/13/5
f 4038/13/5 4034/13/5 4028/13/5
f 4039/13/5 4033/13/5 4037/13/5
f 4039/13/5 4037/13/5 4038/13/5
f 4042/13/5 4041/13/5 4040/13/5
f 4043/13/5 4041/13/5 4042/13/5
f 4044/5/6 4045/5/6 4046/5/6
f 4046/5/6 4045/5/6 4047/5/6
f 4044/5/6 4046/5/6 4048/5/6
f 4048/5/6 4046/5/6 4049/5/6
f 4049/5/6 4046/5/6 4050/5/6
f 4050/5/6 4046/5/6 4051/5/6
f 4051/5/6 4046/5/6 4052/5/6
f 4047/5/6 4045/5/6 4053/5/6
f 4044/5/6 4048/5/6 4054/5/6
f 4054/5/6 4048/5/6 4055/5/6
f 4049/5/6 4050/5/6 4056/5/6
f 4050/6/6 4051/6/6 4057/6/6
f 4056/5/6 4050/5/6 4057/5/6
f 4057/6/6 4051/6/6 4058/6/6
f 4051/5/6 4052/5/6 4059/5/6
f 4058/6/6 4051/6/6 4059/6/6
f 4052/5/6 4053/5/6 4059/5/6
f 4059/5/6 4053/5/6 4060/5/6
f 4060/5/6 4053/5/6 4061/5/6
f 4053/5/6 4045/5/6 4062/5/6
f 4061/5/6 4053/5/6 4062/5/6
f 4062/5/6 4045/5/6 4063/5/6
f 4044/5/6 4054/5/6 4064/5/6
f 4064/5/6 4054/5/6 4065/5/6
f 4055/5/6 4048/5/6 4066/5/6
f 4066/5/6 4048/5/6 4067/5/6
f 4067/5/6 4048/5/6 4068/5/6
f 4048/6/6 4049/6/6 4069/6/6
f 4049/5/6 4056/5/6 4069/5/6
f 4069/5/6 4056/5/6 4070/5/6
f 4070/5/6 4056/5/6 4071/5/6
f 4057/6/6 4058/6/6 4072/6/6
f 4071/5/6 4056/5/6 4072/5/6
f 4056/6/6 4057/6/6 4072/6/6
f 4072/6/6 4058/6/6 4073/6/6
f 4059/5/6 4060/5/6 4074/5/6
f 4073/6/6 4058/6/6 4074/6/6
f 4058/5/6 4059/5/6 4074/5/6
f 4074/5/6 4060/5/6 4075/5/6
f 4061/5/6 4062/5/6 4076/5/6
f 4076/5/6 4062/5/6 4077/5/6
f 4077/5/6 4062/5/6 4078/5/6
f 4063/5/6 4045/5/6 4079/5/6
f 4044/5/6 4064/5/6 4080/5/6
f 4065/5/6 4066/5/6 4081/5/6
f 4066/5/6 4067/5/6 4081/5/6
f 4081/5/6 4067/5/6 4082/5/6
f 4082/5/6 4067/5/6 4083/5/6
f 4083/5/6 4067/5/6 4084/5/6
f 4084/5/6 4067/5/6 4085/5/6
f 4068/5/6 4048/5/6 4086/5/6
f 4069/6/6 4070/6/6 4087/6/6
f 4048/6/6 4069/6/6 4087/6/6
f 4086/5/6 4048/5/6 4087/5/6
f 4087/6/6 4070/6/6 4088/6/6
f 4070/5/6 4071/5/6 4089/5/6
f 4088/6/6 4070/6/6 4089/6/6
f 4089/5/6 4071/5/6 4090/5/6
f 4072/6/6 4073/6/6 4091/6/6
f 4071/6/6 4072/6/6 4091/6/6
f 4076/5/6 4077/5/6 4092/5/6
f 4091/6/6 4073/6/6 4092/6/6
f 4074/5/6 4075/5/6 4092/5/6
f 4075/5/6 4076/5/6 4092/5/6
f 4073/5/6 4074/5/6 4092/5/6
f 4092/5/6 4077/5/6 4093/5/6
f 4079/5/6 4045/5/6 4095/5/6
f 4095/5/6 4045/5/6 4096/5/6
f 4080/5/6 4081/5/6 4097/5/6
f 4082/5/6 4083/5/6 4098/5/6
f 4098/5/6 4083/5/6 4099/5/6
f 4087/5/6 4088/5/6 4100/5/6
f 4085/5/6 4086/5/6 4100/5/6
f 4084/5/6 4085/5/6 4100/5/6
f 4086/5/6 4087/5/6 4100/5/6
f 4100/5/6 4088/5/6 4101/5/6
f 4101/5/6 4088/5/6 4102/5/6
f 4102/5/6 4088/5/6 4103/5/6
f 4088/6/6 4089/6/6 4104/6/6
f 4103/5/6 4088/5/6 4104/5/6
f 4089/6/6 4090/6/6 4104/6/6
f 4104/6/6 4090/6/6 4105/6/6
f 4090/5/6 4071/5/6 4106/5/6
f 4105/6/6 4090/6/6 4106/6/6
f 4106/5/6 4071/5/6 4107/5/6
f 4093/5/6 4094/5/6 4108/5/6
f 4091/5/6 4092/5/6 4108/5/6
f 4092/5/6 4093/5/6 4108/5/6
f 4108/5/6 4094/5/6 4109/5/6
f 4109/5/6 4094/5/6 4110/5/6
f 4110/5/6 4094/5/6 4111/5/6
f 4079/5/6 4095/5/6 4112/5/6
f 4112/5/6 4095/5/6 4113/5/6
f 4096/5/6 4045/5/6 4115/5/6
f 4097/5/6 4098/5/6 4116/5/6
f 4044/5/6 4080/5/6 4116/5/6
f 4080/5/6 4097/5/6 4116/5/6
f 4116/5/6 4098/5/6 4117/5/6
f 4117/5/6 4098/5/6 4118/5/6
f 4118/5/6 4098/5/6 4119/5/6
f 4099/5/6 4100/5/6 4120/5/6
f 4101/5/6 4102/5/6 4121/5/6
f 4104/5/6 4105/5/6 4122/5/6
f 4103/5/6 4104/5/6 4122/5/6
f 4122/5/6 4105/5/6 4123/5/6
f 4106/6/6 4107/6/6 4124/6/6
f 4123/5/6 4105/5/6 4124/5/6
f 4105/6/6 4106/6/6 4124/6/6
f 4124/6/6 4107/6/6 4125/6/6
f 4107/5/6 4071/5/6 4126/5/6
f 4125/6/6 4107/6/6 4126/6/6
f 4126/5/6 4071/5/6 4127/5/6
f 4091/5/6 4108/5/6 4128/5/6
f 4128/5/6 4108/5/6 4129/5/6
f 4129/5/6 4108/5/6 4130/5/6
f 4109/5/6 4110/5/6 4131/5/6
f 4131/5/6 4110/5/6 4132/5/6
f 4114/5/6 4115/5/6 4133/5/6
f 4044/5/6 4116/5/6 4134/5/6
f 4117/5/6 4118/5/6 4135/5/6
f 4135/5/6 4118/5/6 4136/5/6
f 4119/5/6 4120/5/6 4137/5/6
f 4120/5/6 4100/5/6 4138/5/6
f 4137/5/6 4120/5/6 4138/5/6
f 4138/5/6 4100/5/6 4139/5/6
f 4101/5/6 4121/5/6 4140/5/6
f 4121/5/6 4122/5/6 4140/5/6
f 4140/5/6 4122/5/6 4141/5/6
f 4124/5/6 4125/5/6 4142/5/6
f 4123/5/6 4124/5/6 4142/5/6
f 4125/6/6 4126/6/6 4143/6/6
f 4126/6/6 4127/6/6 4143/6/6
f 4142/5/6 4125/5/6 4143/5/6
f 4143/6/6 4127/6/6 4144/6/6
f 4127/5/6 4071/5/6 4145/5/6
f 4071/6/6 4091/6/6 4146/6/6
f 4145/5/6 4071/5/6 4146/5/6
f 4091/5/6 4128/5/6 4147/5/6
f 4130/5/6 4131/5/6 4149/5/6
f 4149/5/6 4131/5/6 4150/5/6
f 4132/5/6 4133/5/6 4151/5/6
f 4151/5/6 4133/5/6 4152/5/6
f 4152/5/6 4133/5/6 4153/5/6
f 4134/5/6 4135/5/6 4154/5/6
f 4137/5/6 4138/5/6 4155/5/6
f 4136/5/6 4137/5/6 4155/5/6
f 4155/5/6 4138/5/6 4156/5/6
f 4156/5/6 4138/5/6 4157/5/6
f 4139/5/6 4140/5/6 4158/5/6
f 4141/5/6 4142/5/6 4160/5/6
f 4142/5/6 4143/5/6 4160/5/6
f 4143/5/6 4144/5/6 4160/5/6
f 4160/5/6 4144/5/6 4161/5/6
f 4161/5/6 4144/5/6 4162/5/6
f 4127/5/6 4145/5/6 4163/5/6
f 4144/6/6 4127/6/6 4163/6/6
f 4145/6/6 4146/6/6 4164/6/6
f 4163/5/6 4145/5/6 4164/5/6
f 4146/6/6 4091/6/6 4165/6/6
f 4164/6/6 4146/6/6 4165/6/6
f 4149/5/6 4150/5/6 4166/5/6
f 4165/6/6 4091/6/6 4166/6/6
f 4151/5/6 4152/5/6 4166/5/6
f 4150/5/6 4151/5/6 4166/5/6
f 4148/5/6 4149/5/6 4166/5/6
f 4147/5/6 4148/5/6 4166/5/6
f 4091/5/6 4147/5/6 4166/5/6
f 4166/5/6 4152/5/6 4167/5/6
f 4167/5/6 4152/5/6 4168/5/6
f 4168/5/6 4152/5/6 4169/5/6
f 4169/5/6 4152/5/6 4170/5/6
f 4153/5/6 4133/5/6 4171/5/6
f 4171/5/6 4133/5/6 4172/5/6
f 4133/5/6 4115/5/6 4173/5/6
f 4172/5/6 4133/5/6 4173/5/6
f 4115/5/6 4045/5/6 4174/5/6
f 4173/5/6 4115/5/6 4174/5/6
f 4134/5/6 4154/5/6 4175/5/6
f 4155/5/6 4156/5/6 4175/5/6
f 4044/5/6 4134/5/6 4175/5/6
f 4154/5/6 4155/5/6 4175/5/6
f 4175/5/6 4156/5/6 4176/5/6
f 4176/5/6 4156/5/6 4177/5/6
f 4177/5/6 4156/5/6 4178/5/6
f 4157/5/6 4158/5/6 4179/5/6
f 4158/5/6 4140/5/6 4180/5/6
f 4179/5/6 4158/5/6 4180/5/6
f 4180/5/6 4140/5/6 4181/5/6
f 4160/5/6 4161/5/6 4182/5/6
f 4159/5/6 4160/5/6 4182/5/6
f 4182/5/6 4161/5/6 4183/5/6
f 4162/5/6 4144/5/6 4184/5/6
f 4184/5/6 4144/5/6 4185/5/6
f 4164/6/6 4165/6/6 4186/6/6
f 4185/5/6 4144/5/6 4186/5/6
f 4163/6/6 4164/6/6 4186/6/6
f 4144/6/6 4163/6/6 4186/6/6
f 4186/6/6 4165/6/6 4187/6/6
f 4166/5/6 4167/5/6 4188/5/6
f 4187/6/6 4165/6/6 4188/6/6
f 4165/5/6 4166/5/6 4188/5/6
f 4168/5/6 4169/5/6 4190/5/6
f 4190/5/6 4169/5/6 4191/5/6
f 4170/5/6 4171/5/6 4192/5/6
f 4192/5/6 4171/5/6 4193/5/6
f 4172/5/6 4173/5/6 4194/5/6
f 4194/5/6 4173/5/6 4195/5/6
f 4195/5/6 4173/5/6 4196/5/6
f 4174/5/6 4045/5/6 4197/5/6
f 4197/5/6 4045/5/6 4198/5/6
f 4044/5/6 4175/5/6 4199/5/6
f 4199/5/6 4175/5/6 4200/5/6
f 4176/5/6 4177/5/6 4201/5/6
f 4201/5/6 4177/5/6 4202/5/6
f 4179/5/6 4180/5/6 4203/5/6
f 4178/5/6 4179/5/6 4203/5/6
f 4203/5/6 4180/5/6 4204/5/6
f 4204/5/6 4180/5/6 4205/5/6
f 4181/5/6 4182/5/6 4206/5/6
f 4206/5/6 4182/5/6 4207/5/6
f 4184/5/6 4185/5/6 4208/5/6
f 4183/5/6 4184/5/6 4208/5/6
f 4208/5/6 4185/5/6 4209/5/6
f 4209/5/6 4185/5/6 4210/5/6
f 4186/6/6 4187/6/6 4211/6/6
f 4210/5/6 4185/5/6 4211/5/6
f 4185/6/6 4186/6/6 4211/6/6
f 4211/6/6 4187/6/6 4212/6/6
f 4187/5/6 4188/5/6 4213/5/6
f 4212/6/6 4187/6/6 4213/6/6
f 4188/5/6 4167/5/6 4214/5/6
f 4213/5/6 4188/5/6 4214/5/6
f 4189/5/6 4190/5/6 4215/5/6
f 4215/5/6 4190/5/6 4216/5/6
f 4191/5/6 4192/5/6 4217/5/6
f 4194/5/6 4195/5/6 4218/5/6
f 4193/5/6 4194/5/6 4218/5/6
f 4218/5/6 4195/5/6 4219/5/6
f 4201/5/6 4202/5/6 4221/5/6
f 4200/5/6 4201/5/6 4221/5/6
f 4221/5/6 4202/5/6 4222/5/6
f 4222/5/6 4202/5/6 4223/5/6
f 4203/5/6 4204/5/6 4224/5/6
f 4224/5/6 4204/5/6 4225/5/6
f 4206/5/6 4207/5/6 4227/5/6
f 4207/5/6 4208/5/6 4227/5/6
f 4227/5/6 4208/5/6 4228/5/6
f 4228/5/6 4208/5/6 4229/5/6
f 4209/5/6 4210/5/6 4230/5/6
f 4230/5/6 4210/5/6 4231/5/6
f 4211/6/6 4212/6/6 4232/6/6
f 4231/5/6 4210/5/6 4232/5/6
f 4210/6/6 4211/6/6 4232/6/6
f 4232/6/6 4212/6/6 4233/6/6
f 4216/5/6 4217/5/6 4234/5/6
f 4233/6/6 4212/6/6 4234/6/6
f 4214/5/6 4215/5/6 4234/5/6
f 4212/5/6 4213/5/6 4234/5/6
f 4215/5/6 4216/5/6 4234/5/6
f 4213/5/6 4214/5/6 4234/5/6
f 4217/5/6 4192/5/6 4235/5/6
f 4234/5/6 4217/5/6 4235/5/6
f 4235/5/6 4192/5/6 4236/5/6
f 4193/5/6 4218/5/6 4237/5/6
f 4198/5/6 4045/5/6 4240/5/6
f 4220/5/6 4221/5/6 4241/5/6
f 4221/5/6 4222/5/6 4241/5/6
f 4241/5/6 4222/5/6 4242/5/6
f 4223/5/6 4224/5/6 4243/5/6
f 4243/5/6 4224/5/6 4244/5/6
f 4225/5/6 4226/5/6 4245/5/6
f 4226/5/6 4227/5/6 4245/5/6
f 4245/5/6 4227/5/6 4246/5/6
f 4246/5/6 4227/5/6 4247/5/6
f 4228/5/6 4229/5/6 4248/5/6
f 4230/5/6 4231/5/6 4248/5/6
f 4229/5/6 4230/5/6 4248/5/6
f 4248/5/6 4231/5/6 4249/5/6
f 4249/5/6 4231/5/6 4250/5/6
f 4232/6/6 4233/6/6 4251/6/6
f 4250/5/6 4231/5/6 4251/5/6
f 4231/6/6 4232/6/6 4251/6/6
f 4251/6/6 4233/6/6 4252/6/6
f 4233/5/6 4234/5/6 4253/5/6
f 4252/6/6 4233/6/6 4253/6/6
f 4234/5/6 4235/5/6 4253/5/6
f 4253/5/6 4235/5/6 4254/5/6
f 4237/5/6 4238/5/6 4256/5/6
f 4239/5/6 4240/5/6 4257/5/6
f 4220/5/6 4241/5/6 4258/5/6
f 4243/5/6 4244/5/6 4259/5/6
f 4242/5/6 4243/5/6 4259/5/6
f 4259/5/6 4244/5/6 4260/5/6
f 4245/5/6 4246/5/6 4261/5/6
f 4261/5/6 4246/5/6 4262/5/6
f 4247/5/6 4248/5/6 4263/5/6
f 4263/5/6 4248/5/6 4264/5/6
f 4249/5/6 4250/5/6 4265/5/6
f 4265/5/6 4250/5/6 4266/5/6
f 4251/6/6 4252/6/6 4267/6/6
f 4266/5/6 4250/5/6 4267/5/6
f 4250/6/6 4251/6/6 4267/6/6
f 4267/6/6 4252/6/6 4268/6/6
f 4254/5/6 4255/5/6 4269/5/6
f 4268/6/6 4252/6/6 4269/6/6
f 4252/5/6 4253/5/6 4269/5/6
f 4253/5/6 4254/5/6 4269/5/6
f 4269/5/6 4255/5/6 4270/5/6
f 4270/5/6 4255/5/6 4271/5/6
f 4220/5/6 4258/5/6 4272/5/6
f 4258/5/6 4259/5/6 4272/5/6
f 4272/5/6 4259/5/6 4273/5/6
f 4260/5/6 4261/5/6 4275/5/6
f 4275/5/6 4261/5/6 4276/5/6
f 4263/5/6 4264/5/6 4278/5/6
f 4265/5/6 4266/5/6 4278/5/6
f 4264/5/6 4265/5/6 4278/5/6
f 4267/6/6 4268/6/6 4279/6/6
f 4278/5/6 4266/5/6 4279/5/6
f 4266/6/6 4267/6/6 4279/6/6
f 4279/6/6 4268/6/6 4280/6/6
f 4269/5/6 4270/5/6 4281/5/6
f 4280/6/6 4268/6/6 4281/6/6
f 4268/5/6 4269/5/6 4281/5/6
f 4271/5/6 4255/5/6 4283/5/6
f 4283/5/6 4255/5/6 4284/5/6
f 4193/5/6 4237/5/6 4285/5/6
f 4256/5/6 4257/5/6 4285/5/6
f 4237/5/6 4256/5/6 4285/5/6
f 4285/5/6 4257/5/6 4286/5/6
f 4286/5/6 4257/5/6 4287/5/6
f 4257/5/6 4240/5/6 4288/5/6
f 4287/5/6 4257/5/6 4288/5/6
f 4220/5/6 4272/5/6 4289/5/6
f 4289/5/6 4272/5/6 4290/5/6
f 4273/5/6 4274/5/6 4291/5/6
f 4291/5/6 4274/5/6 4292/5/6
f 4276/5/6 4277/5/6 4293/5/6
f 4293/5/6 4277/5/6 4294/5/6
f 4263/5/6 4278/5/6 4295/5/6
f 4295/5/6 4278/5/6 4296/5/6
f 4279/6/6 4280/6/6 4297/6/6
f 4296/5/6 4278/5/6 4297/5/6
f 4278/6/6 4279/6/6 4297/6/6
f 4280/5/6 4281/5/6 4298/5/6
f 4297/6/6 4280/6/6 4298/6/6
f 4281/5/6 4270/5/6 4299/5/6
f 4298/5/6 4281/5/6 4299/5/6
f 4282/5/6 4283/5/6 4300/5/6
f 4284/5/6 4285/5/6 4301/5/6
f 4286/5/6 4287/5/6 4302/5/6
f 4302/5/6 4287/5/6 4303/5/6
f 4288/5/6 4240/5/6 4304/5/6
f 4290/5/6 4291/5/6 4306/5/6
f 4306/5/6 4291/5/6 4307/5/6
f 4293/5/6 4294/5/6 4308/5/6
f 4294/5/6 4295/5/6 4308/5/6
f 4292/5/6 4293/5/6 4308/5/6
f 4308/5/6 4295/5/6 4309/5/6
f 4309/5/6 4295/5/6 4310/5/6
f 4310/5/6 4295/5/6 4311/5/6
f 4297/5/6 4298/5/6 4312/5/6
f 4299/5/6 4300/5/6 4312/5/6
f 4298/5/6 4299/5/6 4312/5/6
f 4296/5/6 4297/5/6 4312/5/6
f 4312/5/6 4300/5/6 4313/5/6
f 4313/5/6 4300/5/6 4314/5/6
f 4314/5/6 4300/5/6 4315/5/6
f 4315/5/6 4300/5/6 4316/5/6
f 4316/5/6 4300/5/6 4317/5/6
f 4317/5/6 4300/5/6 4318/5/6
f 4318/5/6 4300/5/6 4319/5/6
f 4319/5/6 4300/5/6 4320/5/6
f 4320/5/6 4300/5/6 4321/5/6
f 4321/5/6 4300/5/6 4322/5/6
f 4322/5/6 4300/5/6 4323/5/6
f 4323/5/6 4300/5/6 4324/5/6
f 4300/5/6 4283/5/6 4325/5/6
f 4324/5/6 4300/5/6 4325/5/6
f 4325/5/6 4283/5/6 4326/5/6
f 4302/5/6 4303/5/6 4327/5/6
f 4303/5/6 4304/5/6 4327/5/6
f 4284/5/6 4301/5/6 4327/5/6
f 4301/5/6 4302/5/6 4327/5/6
f 4327/5/6 4304/5/6 4328/5/6
f 4328/5/6 4304/5/6 4329/5/6
f 4329/5/6 4304/5/6 4330/5/6
f 4305/5/6 4306/5/6 4331/5/6
f 4309/5/6 4310/5/6 4333/5/6
f 4333/5/6 4310/5/6 4334/5/6
f 4311/5/6 4295/5/6 4335/5/6
f 4335/5/6 4295/5/6 4336/5/6
f 4296/5/6 4312/5/6 4337/5/6
f 4337/5/6 4312/5/6 4338/5/6
f 4313/5/6 4314/5/6 4339/5/6
f 4339/5/6 4314/5/6 4340/5/6
f 4322/5/6 4323/5/6 4341/5/6
f 4341/5/6 4323/5/6 4342/5/6
f 4324/5/6 4325/5/6 4343/5/6
f 4326/5/6 4327/5/6 4344/5/6
f 4328/5/6 4329/5/6 4345/5/6
f 4345/5/6 4329/5/6 4346/5/6
f 4330/5/6 4304/5/6 4347/5/6
f 4333/5/6 4334/5/6 4348/5/6
f 4331/5/6 4332/5/6 4348/5/6
f 4305/5/6 4331/5/6 4348/5/6
f 4332/5/6 4333/5/6 4348/5/6
f 4334/5/6 4335/5/6 4348/5/6
f 4348/5/6 4335/5/6 4349/5/6
f 4349/5/6 4335/5/6 4350/5/6
f 4350/5/6 4335/5/6 4351/5/6
f 4339/5/6 4340/5/6 4352/5/6
f 4337/5/6 4338/5/6 4352/5/6
f 4336/5/6 4337/5/6 4352/5/6
f 4338/5/6 4339/5/6 4352/5/6
f 4352/5/6 4340/5/6 4353/5/6
f 4341/5/6 4342/5/6 4354/5/6
f 4342/5/6 4343/5/6 4354/5/6
f 4343/5/6 4325/5/6 4354/5/6
f 4346/5/6 4347/5/6 4355/5/6
f 4345/5/6 4346/5/6 4355/5/6
f 4326/5/6 4344/5/6 4355/5/6
f 4344/5/6 4345/5/6 4355/5/6
f 4355/5/6 4347/5/6 4356/5/6
f 4356/5/6 4347/5/6 4357/5/6
f 4357/5/6 4347/5/6 4358/5/6
f 4305/5/6 4348/5/6 4359/5/6
f 4349/5/6 4350/5/6 4360/5/6
f 4360/5/6 4350/5/6 4361/5/6
f 4351/5/6 4335/5/6 4362/5/6
f 4362/5/6 4335/5/6 4363/5/6
f 4336/5/6 4352/5/6 4364/5/6
f 4364/5/6 4352/5/6 4365/5/6
f 4356/5/6 4357/5/6 4366/5/6
f 4358/5/6 4347/5/6 4367/5/6
f 4360/5/6 4361/5/6 4368/5/6
f 4359/5/6 4360/5/6 4368/5/6
f 4368/5/6 4361/5/6 4369/5/6
f 4363/5/6 4364/5/6 4371/5/6
f 4353/5/6 4340/5/6 4372/5/6
f 4372/5/6 4340/5/6 4373/5/6
f 4341/5/6 4354/5/6 4374/5/6
f 4354/5/6 4355/5/6 4374/5/6
f 4374/5/6 4355/5/6 4375/5/6
f 4375/5/6 4355/5/6 4376/5/6
f 4376/5/6 4355/5/6 4377/5/6
f 4356/5/6 4366/5/6 4378/5/6
f 4366/5/6 4367/5/6 4378/5/6
f 4305/5/6 4359/5/6 4379/5/6
f 4359/5/6 4368/5/6 4379/5/6
f 4379/5/6 4368/5/6 4380/5/6
f 4369/5/6 4370/5/6 4381/5/6
f 4381/5/6 4370/5/6 4382/5/6
f 4372/5/6 4373/5/6 4383/5/6
f 4363/5/6 4371/5/6 4383/5/6
f 4371/5/6 4372/5/6 4383/5/6
f 4374/5/6 4375/5/6 4383/5/6
f 4373/5/6 4374/5/6 4383/5/6
f 4383/5/6 4375/5/6 4384/5/6
f 4384/5/6 4375/5/6 4385/5/6
f 4376/5/6 4377/5/6 4386/5/6
f 4377/5/6 4378/5/6 4386/5/6
f 4378/5/6 4367/5/6 4387/5/6
f 4386/5/6 4378/5/6 4387/5/6
f 4387/5/6 4367/5/6 4388/5/6
f 4305/5/6 4379/5/6 4389/5/6
f 4380/5/6 4381/5/6 4390/5/6
f 4390/5/6 4381/5/6 4391/5/6
f 4391/5/6 4381/5/6 4392/5/6
f 4384/5/6 4385/5/6 4395/5/6
f 4386/5/6 4387/5/6 4395/5/6
f 4385/5/6 4386/5/6 4395/5/6
f 4395/5/6 4387/5/6 4396/5/6
f 4396/5/6 4387/5/6 4397/5/6
f 4397/5/6 4387/5/6 4398/5/6
f 4398/5/6 4387/5/6 4399/5/6
f 4388/5/6 4367/5/6 4400/5/6
f 4305/5/6 4389/5/6 4401/5/6
f 4389/5/6 4390/5/6 4401/5/6
f 4401/5/6 4390/5/6 4402/5/6
f 4392/5/6 4393/5/6 4403/5/6
f 4391/5/6 4392/5/6 4403/5/6
f 4403/5/6 4393/5/6 4404/5/6
f 4394/5/6 4395/5/6 4405/5/6
f 4395/5/6 4396/5/6 4405/5/6
f 4405/5/6 4396/5/6 4406/5/6
f 4406/5/6 4396/5/6 4407/5/6
f 4407/5/6 4396/5/6 4408/5/6
f 4408/5/6 4396/5/6 4409/5/6
f 4397/5/6 4398/5/6 4410/5/6
f 4410/5/6 4398/5/6 4411/5/6
f 4411/5/6 4398/5/6 4412/5/6
f 4412/5/6 4398/5/6 4413/5/6
f 4399/5/6 4400/5/6 4414/5/6
f 4400/5/6 4367/5/6 4415/5/6
f 4414/5/6 4400/5/6 4415/5/6
f 4367/5/6 4347/5/6 4416/5/6
f 4415/5/6 4367/5/6 4416/5/6
f 4305/5/6 4401/5/6 4417/5/6
f 4408/5/6 4409/5/6 4419/5/6
f 4409/5/6 4410/5/6 4419/5/6
f 4419/5/6 4410/5/6 4420/5/6
f 4420/5/6 4410/5/6 4421/5/6
f 4421/5/6 4410/5/6 4422/5/6
f 4422/5/6 4410/5/6 4423/5/6
f 4423/5/6 4410/5/6 4424/5/6
f 4424/5/6 4410/5/6 4425/5/6
f 4425/5/6 4410/5/6 4426/5/6
f 4426/5/6 4410/5/6 4427/5/6
f 4427/5/6 4410/5/6 4428/5/6
f 4428/5/6 4410/5/6 4429/5/6
f 4429/5/6 4410/5/6 4430/5/6
f 4411/5/6 4412/5/6 4432/5/6
f 4413/5/6 4414/5/6 4433/5/6
f 4414/5/6 4415/5/6 4433/5/6
f 4433/5/6 4415/5/6 4434/5/6
f 4434/5/6 4415/5/6 4435/5/6
f 4416/5/6 4347/5/6 4436/5/6
f 4417/5/6 4418/5/6 4437/5/6
f 4404/5/6 4393/5/6 4438/5/6
f 4438/5/6 4393/5/6 4439/5/6
f 4394/5/6 4405/5/6 4440/5/6
f 4440/5/6 4405/5/6 4441/5/6
f 4406/5/6 4407/5/6 4442/5/6
f 4442/5/6 4407/5/6 4443/5/6
f 4420/5/6 4421/5/6 4444/5/6
f 4444/5/6 4421/5/6 4445/5/6
f 4430/5/6 4431/5/6 4446/5/6
f 4429/5/6 4430/5/6 4446/5/6
f 4446/5/6 4431/5/6 4447/5/6
f 4447/5/6 4431/5/6 4448/5/6
f 4411/5/6 4432/5/6 4449/5/6
f 4432/5/6 4433/5/6 4449/5/6
f 4449/5/6 4433/5/6 4450/5/6
f 4434/5/6 4435/5/6 4451/5/6
f 4435/5/6 4436/5/6 4451/5/6
f 4451/5/6 4436/5/6 4452/5/6
f 4436/5/6 4347/5/6 4453/5/6
f 4452/5/6 4436/5/6 4453/5/6
f 4438/5/6 4439/5/6 4454/5/6
f 4437/5/6 4438/5/6 4454/5/6
f 4439/5/6 4440/5/6 4454/5/6
f 4444/5/6 4445/5/6 4455/5/6
f 4443/5/6 4444/5/6 4455/5/6
f 4442/5/6 4443/5/6 4455/5/6
f 4441/5/6 4442/5/6 4455/5/6
f 4455/5/6 4445/5/6 4456/5/6
f 4456/5/6 4445/5/6 4457/5/6
f 4457/5/6 4445/5/6 4458/5/6
f 4458/5/6 4445/5/6 4459/5/6
f 4446/5/6 4447/5/6 4460/5/6
f 4460/5/6 4447/5/6 4461/5/6
f 4411/5/6 4449/5/6 4462/5/6
f 4462/5/6 4449/5/6 4463/5/6
f 4450/5/6 4451/5/6 4464/5/6
f 4451/5/6 4452/5/6 4464/5/6
f 4464/5/6 4452/5/6 4465/5/6
f 4465/5/6 4452/5/6 4466/5/6
f 4453/5/6 4347/5/6 4467/5/6
f 4347/5/6 4304/5/6 4468/5/6
f 4467/5/6 4347/5/6 4468/5/6
f 4437/5/6 4454/5/6 4469/5/6
f 4454/5/6 4455/5/6 4469/5/6
f 4455/5/6 4456/5/6 4469/5/6
f 4469/5/6 4456/5/6 4470/5/6
f 4457/5/6 4458/5/6 4471/5/6
f 4471/5/6 4458/5/6 4472/5/6
f 4459/5/6 4445/5/6 4473/5/6
f 4473/5/6 4445/5/6 4474/5/6
f 4474/5/6 4445/5/6 4475/5/6
f 4446/5/6 4460/5/6 4476/5/6
f 4461/5/6 4462/5/6 4477/5/6
f 4477/5/6 4462/5/6 4478/5/6
f 4464/5/6 4465/5/6 4479/5/6
f 4463/5/6 4464/5/6 4479/5/6
f 4479/5/6 4465/5/6 4480/5/6
f 4466/5/6 4467/5/6 4481/5/6
f 4481/5/6 4467/5/6 4482/5/6
f 4468/5/6 4304/5/6 4483/5/6
f 4417/5/6 4437/5/6 4484/5/6
f 4437/5/6 4469/5/6 4484/5/6
f 4484/5/6 4469/5/6 4485/5/6
f 4470/5/6 4471/5/6 4489/5/6
f 4489/5/6 4471/5/6 4490/5/6
f 4472/5/6 4473/5/6 4491/5/6
f 4473/5/6 4474/5/6 4491/5/6
f 4491/5/6 4474/5/6 4492/5/6
f 4475/5/6 4445/5/6 4493/5/6
f 4493/5/6 4445/5/6 4494/5/6
f 4446/5/6 4476/5/6 4495/5/6
f 4476/5/6 4477/5/6 4495/5/6
f 4495/5/6 4477/5/6 4496/5/6
f 4478/5/6 4462/5/6 4497/5/6
f 4497/5/6 4462/5/6 4498/5/6
f 4463/5/6 4479/5/6 4499/5/6
f 4499/5/6 4479/5/6 4500/5/6
f 4481/5/6 4482/5/6 4501/5/6
f 4482/5/6 4483/5/6 4501/5/6
f 4480/5/6 4481/5/6 4501/5/6
f 4501/5/6 4483/5/6 4502/5/6
f 4417/5/6 4484/5/6 4503/5/6
f 4486/5/6 4487/5/6 4504/5/6
f 4498/5/6 4499/5/6 4505/5/6
f 4495/5/6 4496/5/6 4505/5/6
f 4493/5/6 4494/5/6 4505/5/6
f 4491/5/6 4492/5/6 4505/5/6
f 4496/5/6 4497/5/6 4505/5/6
f 4497/5/6 4498/5/6 4505/5/6
f 4494/5/6 4495/5/6 4505/5/6
f 4489/5/6 4490/5/6 4505/5/6
f 4488/5/6 4489/5/6 4505/5/6
f 4490/5/6 4491/5/6 4505/5/6
f 4492/5/6 4493/5/6 4505/5/6
f 4505/5/6 4499/5/6 4506/5/6
f 4506/5/6 4499/5/6 4507/5/6
f 4507/5/6 4499/5/6 4508/5/6
f 4508/5/6 4499/5/6 4509/5/6
f 4509/5/6 4499/5/6 4510/5/6
f 4510/5/6 4499/5/6 4511/5/6
f 4500/5/6 4501/5/6 4512/5/6
f 4512/5/6 4501/5/6 4513/5/6
f 4502/5/6 4483/5/6 4514/5/6
f 4514/5/6 4483/5/6 4515/5/6
f 4506/5/6 4507/5/6 4517/5/6
f 4517/5/6 4507/5/6 4518/5/6
f 4518/5/6 4507/5/6 4519/5/6
f 4508/5/6 4509/5/6 4520/5/6
f 4520/5/6 4509/5/6 4521/5/6
f 4521/5/6 4509/5/6 4522/5/6
f 4512/5/6 4513/5/6 4523/5/6
f 4510/5/6 4511/5/6 4523/5/6
f 4511/5/6 4512/5/6 4523/5/6
f 4513/5/6 4514/5/6 4523/5/6
f 4523/5/6 4514/5/6 4524/5/6
f 4524/5/6 4514/5/6 4525/5/6
f 4515/5/6 4483/5/6 4526/5/6
f 4503/5/6 4504/5/6 4527/5/6
f 4504/5/6 4487/5/6 4528/5/6
f 4527/5/6 4504/5/6 4528/5/6
f 4528/5/6 4487/5/6 4529/5/6
f 4529/5/6 4487/5/6 4530/5/6
f 4516/5/6 4517/5/6 4531/5/6
f 4517/5/6 4518/5/6 4531/5/6
f 4531/5/6 4518/5/6 4532/5/6
f 4519/5/6 4507/5/6 4533/5/6
f 4533/5/6 4507/5/6 4534/5/6
f 4534/5/6 4507/5/6 4535/5/6
f 4508/5/6 4520/5/6 4536/5/6
f 4521/5/6 4522/5/6 4537/5/6
f 4523/5/6 4524/5/6 4537/5/6
f 4522/5/6 4523/5/6 4537/5/6
f 4537/5/6 4524/5/6 4538/5/6
f 4538/5/6 4524/5/6 4539/5/6
f 4539/5/6 4524/5/6 4540/5/6
f 4540/5/6 4524/5/6 4541/5/6
f 4525/5/6 4526/5/6 4542/5/6
f 4503/5/6 4527/5/6 4543/5/6
f 4528/5/6 4529/5/6 4544/5/6
f 4544/5/6 4529/5/6 4545/5/6
f 4530/5/6 4531/5/6 4546/5/6
f 4546/5/6 4531/5/6 4547/5/6
f 4532/5/6 4518/5/6 4548/5/6
f 4548/5/6 4518/5/6 4549/5/6
f 4535/5/6 4536/5/6 4551/5/6
f 4534/5/6 4535/5/6 4551/5/6
f 4536/5/6 4520/5/6 4552/5/6
f 4551/5/6 4536/5/6 4552/5/6
f 4552/5/6 4520/5/6 4553/5/6
f 4521/5/6 4537/5/6 4554/5/6
f 4538/5/6 4539/5/6 4555/5/6
f 4555/5/6 4539/5/6 4556/5/6
f 4556/5/6 4539/5/6 4557/5/6
f 4540/5/6 4541/5/6 4558/5/6
f 4541/5/6 4542/5/6 4558/5/6
f 4558/5/6 4542/5/6 4559/5/6
f 4559/5/6 4542/5/6 4560/5/6
f 4543/5/6 4544/5/6 4561/5/6
f 4545/5/6 4546/5/6 4562/5/6
f 4562/5/6 4546/5/6 4563/5/6
f 4547/5/6 4548/5/6 4564/5/6
f 4564/5/6 4548/5/6 4565/5/6
f 4549/5/6 4550/5/6 4566/5/6
f 4534/5/6 4551/5/6 4567/5/6
f 4567/5/6 4551/5/6 4568/5/6
f 4568/5/6 4551/5/6 4569/5/6
f 4569/5/6 4551/5/6 4570/5/6
f 4553/5/6 4554/5/6 4571/5/6
f 4552/5/6 4553/5/6 4571/5/6
f 4571/5/6 4554/5/6 4572/5/6
f 4554/5/6 4537/5/6 4573/5/6
f 4572/5/6 4554/5/6 4573/5/6
f 4573/5/6 4537/5/6 4574/5/6
f 4538/5/6 4555/5/6 4575/5/6
f 4575/5/6 4555/5/6 4576/5/6
f 4556/5/6 4557/5/6 4577/5/6
f 4558/5/6 4559/5/6 4577/5/6
f 4557/5/6 4558/5/6 4577/5/6
f 4577/5/6 4559/5/6 4578/5/6
f 4578/5/6 4559/5/6 4579/5/6
f 4560/5/6 4542/5/6 4580/5/6
f 4580/5/6 4542/5/6 4581/5/6
f 4542/5/6 4526/5/6 4582/5/6
f 4581/5/6 4542/5/6 4582/5/6
f 4561/5/6 4562/5/6 4583/5/6
f 4564/5/6 4565/5/6 4584/5/6
f 4565/5/6 4566/5/6 4584/5/6
f 4563/5/6 4564/5/6 4584/5/6
f 4584/5/6 4566/5/6 4585/5/6
f 4566/5/6 4550/5/6 4586/5/6
f 4585/5/6 4566/5/6 4586/5/6
f 4534/5/6 4567/5/6 4587/5/6
f 4587/5/6 4567/5/6 4588/5/6
f 4568/5/6 4569/5/6 4589/5/6
f 4589/5/6 4569/5/6 4590/5/6
f 4590/5/6 4569/5/6 4591/5/6
f 4591/5/6 4569/5/6 4592/5/6
f 4571/5/6 4572/5/6 4593/5/6
f 4570/5/6 4571/5/6 4593/5/6
f 4593/5/6 4572/5/6 4594/5/6
f 4575/5/6 4576/5/6 4595/5/6
f 4574/5/6 4575/5/6 4595/5/6
f 4573/5/6 4574/5/6 4595/5/6
f 4576/5/6 4577/5/6 4595/5/6
f 4595/5/6 4577/5/6 4596/5/6
f 4596/5/6 4577/5/6 4597/5/6
f 4597/5/6 4577/5/6 4598/5/6
f 4578/5/6 4579/5/6 4599/5/6
f 4580/5/6 4581/5/6 4599/5/6
f 4579/5/6 4580/5/6 4599/5/6
f 4599/5/6 4581/5/6 4600/5/6
f 4600/5/6 4581/5/6 4601/5/6
f 4601/5/6 4581/5/6 4602/5/6
f 4602/5/6 4581/5/6 4603/5/6
f 4603/5/6 4581/5/6 4604/5/6
f 4582/5/6 4526/5/6 4605/5/6
f 4526/5/6 4483/5/6 4606/5/6
f 4605/5/6 4526/5/6 4606/5/6
f 4584/5/6 4585/5/6 4607/5/6
f 4583/5/6 4584/5/6 4607/5/6
f 4534/5/6 4587/5/6 4611/5/6
f 4588/5/6 4589/5/6 4612/5/6
f 4612/5/6 4589/5/6 4613/5/6
f 4590/5/6 4591/5/6 4614/5/6
f 4614/5/6 4591/5/6 4615/5/6
f 4595/5/6 4596/5/6 4616/5/6
f 4594/5/6 4595/5/6 4616/5/6
f 4616/5/6 4596/5/6 4617/5/6
f 4597/5/6 4598/5/6 4618/5/6
f 4598/5/6 4599/5/6 4618/5/6
f 4618/5/6 4599/5/6 4619/5/6
f 4600/5/6 4601/5/6 4620/5/6
f 4620/5/6 4601/5/6 4621/5/6
f 4602/5/6 4603/5/6 4622/5/6
f 4622/5/6 4603/5/6 4623/5/6
f 4604/5/6 4605/5/6 4624/5/6
f 4624/5/6 4605/5/6 4625/5/6
f 4606/5/6 4483/5/6 4626/5/6
f 4607/5/6 4608/5/6 4627/5/6
f 4609/5/6 4610/5/6 4628/5/6
f 4628/5/6 4610/5/6 4629/5/6
f 4534/5/6 4611/5/6 4630/5/6
f 4611/5/6 4612/5/6 4630/5/6
f 4630/5/6 4612/5/6 4631/5/6
f 4631/5/6 4612/5/6 4632/5/6
f 4613/5/6 4614/5/6 4633/5/6
f 4633/5/6 4614/5/6 4634/5/6
f 4634/5/6 4614/5/6 4635/5/6
f 4615/5/6 4616/5/6 4636/5/6
f 4636/5/6 4616/5/6 4637/5/6
f 4637/5/6 4616/5/6 4638/5/6
f 4638/5/6 4616/5/6 4639/5/6
f 4620/5/6 4621/5/6 4640/5/6
f 4618/5/6 4619/5/6 4640/5/6
f 4617/5/6 4618/5/6 4640/5/6
f 4619/5/6 4620/5/6 4640/5/6
f 4621/5/6 4622/5/6 4640/5/6
f 4640/5/6 4622/5/6 4641/5/6
f 4641/5/6 4622/5/6 4642/5/6
f 4642/5/6 4622/5/6 4643/5/6
f 4643/5/6 4622/5/6 4644/5/6
f 4644/5/6 4622/5/6 4645/5/6
f 4624/5/6 4625/5/6 4646/5/6
f 4625/5/6 4626/5/6 4646/5/6
f 4623/5/6 4624/5/6 4646/5/6
f 4646/5/6 4626/5/6 4647/5/6
f 4628/5/6 4629/5/6 4648/5/6
f 4607/5/6 4627/5/6 4648/5/6
f 4583/5/6 4607/5/6 4648/5/6
f 4627/5/6 4628/5/6 4648/5/6
f 4629/5/6 4630/5/6 4648/5/6
f 4648/5/6 4630/5/6 4649/5/6
f 4649/5/6 4630/5/6 4650/5/6
f 4650/5/6 4630/5/6 4651/5/6
f 4631/5/6 4632/5/6 4652/5/6
f 4632/5/6 4633/5/6 4652/5/6
f 4652/5/6 4633/5/6 4653/5/6
f 4653/5/6 4633/5/6 4654/5/6
f 4634/5/6 4635/5/6 4655/5/6
f 4636/5/6 4637/5/6 4655/5/6
f 4635/5/6 4636/5/6 4655/5/6
f 4638/5/6 4639/5/6 4657/5/6
f 4640/5/6 4641/5/6 4657/5/6
f 4639/5/6 4640/5/6 4657/5/6
f 4657/5/6 4641/5/6 4658/5/6
f 4658/5/6 4641/5/6 4659/5/6
f 4659/5/6 4641/5/6 4660/5/6
f 4642/5/6 4643/5/6 4661/5/6
f 4644/5/6 4645/5/6 4662/5/6
f 4645/5/6 4646/5/6 4662/5/6
f 4662/5/6 4646/5/6 4663/5/6
f 4647/5/6 4626/5/6 4664/5/6
f 4583/5/6 4648/5/6 4665/5/6
f 4649/5/6 4650/5/6 4666/5/6
f 4666/5/6 4650/5/6 4667/5/6
f 4652/5/6 4653/5/6 4668/5/6
f 4651/5/6 4652/5/6 4668/5/6
f 4668/5/6 4653/5/6 4669/5/6
f 4654/5/6 4655/5/6 4670/5/6
f 4655/5/6 4637/5/6 4671/5/6
f 4670/5/6 4655/5/6 4671/5/6
f 4671/5/6 4637/5/6 4672/5/6
f 4656/5/6 4657/5/6 4673/5/6
f 4657/5/6 4658/5/6 4673/5/6
f 4673/5/6 4658/5/6 4674/5/6
f 4660/5/6 4661/5/6 4675/5/6
f 4659/5/6 4660/5/6 4675/5/6
f 4661/5/6 4643/5/6 4676/5/6
f 4675/5/6 4661/5/6 4676/5/6
f 4676/5/6 4643/5/6 4677/5/6
f 4644/5/6 4662/5/6 4678/5/6
f 4678/5/6 4662/5/6 4679/5/6
f 4663/5/6 4664/5/6 4680/5/6
f 4664/5/6 4626/5/6 4681/5/6
f 4680/5/6 4664/5/6 4681/5/6
f 4681/5/6 4626/5/6 4682/5/6
f 4561/5/6 4583/5/6 4683/5/6
f 4305/5/6 4417/5/6 4683/5/6
f 4417/5/6 4503/5/6 4683/5/6
f 4503/5/6 4543/5/6 4683/5/6
f 4543/5/6 4561/5/6 4683/5/6
f 4666/5/6 4667/5/6 4683/5/6
f 4665/5/6 4666/5/6 4683/5/6
f 4583/5/6 4665/5/6 4683/5/6
f 4667/5/6 4668/5/6 4683/5/6
f 4683/5/6 4668/5/6 4684/5/6
f 4669/5/6 4653/5/6 4685/5/6
f 4685/5/6 4653/5/6 4686/5/6
f 4673/5/6 4674/5/6 4687/5/6
f 4674/5/6 4675/5/6 4687/5/6
f 4672/5/6 4673/5/6 4687/5/6
f 4675/5/6 4676/5/6 4687/5/6
f 4671/5/6 4672/5/6 4687/5/6
f 4687/5/6 4676/5/6 4688/5/6
f 4678/5/6 4679/5/6 4689/5/6
f 4680/5/6 4681/5/6 4689/5/6
f 4677/5/6 4678/5/6 4689/5/6
f 4679/5/6 4680/5/6 4689/5/6
f 4689/5/6 4681/5/6 4690/5/6
f 4682/5/6 4626/5/6 4691/5/6
f 4240/5/6 4045/5/6 4692/5/6
f 4691/5/6 4626/5/6 4692/5/6
f 4304/5/6 4240/5/6 4692/5/6
f 4483/5/6 4304/5/6 4692/5/6
f 4626/5/6 4483/5/6 4692/5/6
f 4693/5/6 4694/5/6 4695/5/6
f 4695/5/6 4694/5/6 4696/5/6
f 4697/4/6 4698/4/6 4703/4/6
f 4703/4/6 4698/4/6 4704/4/6
f 4699/5/6 4700/5/6 4707/5/6
f 4707/5/6 4700/5/6 4708/5/6
f 4701/4/6 4702/4/6 4709/4/6
f 4709/4/6 4702/4/6 4710/4/6
f 4705/5/6 4706/5/6 4713/5/6
f 4713/5/6 4706/5/6 4714/5/6
f 4709/5/6 4710/5/6 4715/5/6
f 4711/5/6 4712/5/6 4718/5/6
f 4718/5/6 4712/5/6 4719/5/6
f 4715/5/6 4710/5/6 4723/5/6
f 4723/5/6 4710/5/6 4724/5/6
f 4716/5/6 4717/5/6 4727/5/6
f 4727/5/6 4717/5/6 4728/5/6
f 4719/5/6 4720/5/6 4731/5/6
f 4731/5/6 4720/5/6 4732/5/6
f 4721/5/6 4722/5/6 4733/5/6
f 4733/5/6 4722/5/6 4734/5/6
f 4725/5/6 4726/5/6 4742/5/6
f 4742/5/6 4726/5/6 4743/5/6
f 4729/5/6 4730/5/6 4744/5/6
f 4744/5/6 4730/5/6 4745/5/6
f 4735/5/6 4736/5/6 4750/5/6
f 4750/5/6 4736/5/6 4751/5/6
f 4737/4/6 4738/4/6 4752/4/6
f 4738/5/6 4739/5/6 4753/5/6
f 4752/4/6 4738/4/6 4753/4/6
f 4753/5/6 4739/5/6 4754/5/6
f 4740/5/6 4741/5/6 4755/5/6
f 4755/5/6 4741/5/6 4756/5/6
f 4745/5/6 4746/5/6 4759/5/6
f 4759/5/6 4746/5/6 4760/5/6
f 4747/5/6 4748/5/6 4761/5/6
f 4761/5/6 4748/5/6 4762/5/6
f 4749/5/6 4750/5/6 4763/5/6
f 4763/5/6 4750/5/6 4764/5/6
f 4757/5/6 4758/5/6 4767/5/6
f 4767/5/6 4758/5/6 4768/5/6
f 4765/6/6 4766/6/6 4780/6/6
f 4780/6/6 4766/6/6 4781/6/6
f 4768/5/6 4769/5/6 4787/5/6
f 4787/5/6 4769/5/6 4788/5/6
f 4770/2/6 4771/2/6 4789/2/6
f 4789/2/6 4771/2/6 4790/2/6
f 4772/6/6 4773/6/6 4793/6/6
f 4793/6/6 4773/6/6 4794/6/6
f 4774/5/6 4775/5/6 4795/5/6
f 4795/5/6 4775/5/6 4796/5/6
f 4776/5/6 4777/5/6 4798/5/6
f 4798/5/6 4777/5/6 4799/5/6
f 4778/5/6 4779/5/6 4800/5/6
f 4800/5/6 4779/5/6 4801/5/6
f 4782/5/6 4783/5/6 4804/5/6
f 4804/5/6 4783/5/6 4805/5/6
f 4784/5/6 4785/5/6 4806/5/6
f 4806/5/6 4785/5/6 4807/5/6
f 4786/5/6 4787/5/6 4808/5/6
f 4808/5/6 4787/5/6 4809/5/6
f 4792/6/6 4793/6/6 4812/6/6
f 4812/6/6 4793/6/6 4813/6/6
f 4795/6/6 4796/6/6 4814/6/6
f 4814/6/6 4796/6/6 4815/6/6
f 4797/5/6 4798/5/6 4816/5/6
f 4798/6/6 4799/6/6 4817/6/6
f 4816/5/6 4798/5/6 4817/5/6
f 4817/6/6 4799/6/6 4818/6/6
f 4802/5/6 4803/5/6 4820/5/6
f 4820/5/6 4803/5/6 4821/5/6
f 4810/2/6 4811/2/6 4822/2/6
f 4822/2/6 4811/2/6 4823/2/6
f 4790/2/6 4791/2/6 4824/2/6
f 4824/2/6 4791/2/6 4825/2/6
f 4818/6/6 4819/6/6 4828/6/6
f 4828/6/6 4819/6/6 4829/6/6
f 4823/2/6 4824/2/6 4833/2/6
f 4833/2/6 4824/2/6 4834/2/6
f 4826/6/6 4827/6/6 4835/6/6
f 4835/6/6 4827/6/6 4836/6/6
f 4829/5/6 4830/5/6 4842/5/6
f 4842/5/6 4830/5/6 4843/5/6
f 4831/5/6 4832/5/6 4846/5/6
f 4846/5/6 4832/5/6 4847/5/6
f 4837/6/6 4838/6/6 4850/6/6
f 4850/6/6 4838/6/6 4851/6/6
f 4839/6/6 4840/6/6 4852/6/6
f 4840/5/6 4841/5/6 4853/5/6
f 4852/6/6 4840/6/6 4853/6/6
f 4844/5/6 4845/5/6 4854/5/6
f 4854/5/6 4845/5/6 4855/5/6
f 4855/5/6 4845/5/6 4856/5/6
f 4848/6/6 4849/6/6 4861/6/6
f 4861/6/6 4849/6/6 4862/6/6
f 4850/5/6 4851/5/6 4863/5/6
f 4863/5/6 4851/5/6 4864/5/6
f 4853/5/6 4841/5/6 4865/5/6
f 4865/5/6 4841/5/6 4866/5/6
f 4857/5/6 4858/5/6 4867/5/6
f 4867/5/6 4858/5/6 4868/5/6
f 4859/5/6 4860/5/6 4869/5/6
f 4869/5/6 4860/5/6 4870/5/6
f 4862/6/6 4863/6/6 4871/6/6
f 4871/6/6 4863/6/6 4872/6/6
f 4871/5/6 4872/5/6 4887/5/6
f 4887/5/6 4872/5/6 4888/5/6
f 4873/5/6 4874/5/6 4889/5/6
f 4889/5/6 4874/5/6 4890/5/6
f 4875/5/6 4876/5/6 4891/5/6
f 4891/5/6 4876/5/6 4892/5/6
f 4877/5/6 4878/5/6 4893/5/6
f 4893/5/6 4878/5/6 4894/5/6
f 4879/5/6 4880/5/6 4895/5/6
f 4895/5/6 4880/5/6 4896/5/6
f 4881/5/6 4882/5/6 4897/5/6
f 4897/5/6 4882/5/6 4898/5/6
f 4883/5/6 4884/5/6 4899/5/6
f 4899/5/6 4884/5/6 4900/5/6
f 4885/5/6 4886/5/6 4901/5/6
f 4901/5/6 4886/5/6 4902/5/6
f 4903/5/6 4904/5/6 4911/5/6
f 4911/5/6 4904/5/6 4912/5/6
f 4905/5/6 4906/5/6 4913/5/6
f 4913/5/6 4906/5/6 4914/5/6
f 4909/5/6 4910/5/6 4918/5/6
f 4918/5/6 4910/5/6 4919/5/6
f 4913/6/6 4914/6/6 4922/6/6
f 4922/6/6 4914/6/6 4923/6/6
f 4916/5/6 4917/5/6 4925/5/6
f 4915/5/6 4916/5/6 4925/5/6
f 4925/5/6 4917/5/6 4926/5/6
f 4907/5/6 4908/5/6 4929/5/6
f 4929/5/6 4908/5/6 4930/5/6
f 4920/6/6 4921/6/6 4932/6/6
f 4932/6/6 4921/6/6 4933/6/6
f 4923/5/6 4924/5/6 4935/5/6
f 4935/5/6 4924/5/6 4936/5/6
f 4927/4/6 4928/4/6 4937/4/6
f 4937/4/6 4928/4/6 4938/4/6
f 4931/6/6 4932/6/6 4939/6/6
f 4939/6/6 4932/6/6 4940/6/6
f 4934/6/6 4935/6/6 4942/6/6
f 4942/6/6 4935/6/6 4943/6/6
f 4940/8/6 4941/8/6 4948/8/6
f 4948/8/6 4941/8/6 4949/8/6
f 4944/5/6 4945/5/6 4957/5/6
f 4957/5/6 4945/5/6 4958/5/6
f 4946/5/6 4947/5/6 4962/5/6
f 4962/5/6 4947/5/6 4963/5/6
f 4949/8/6 4950/8/6 4967/8/6
f 4967/8/6 4950/8/6 4968/8/6
f 4953/5/6 4954/5/6 4969/5/6
f 4969/5/6 4954/5/6 4970/5/6
f 4955/5/6 4956/5/6 4971/5/6
f 4971/5/6 4956/5/6 4972/5/6
f 4959/5/6 4960/5/6 4973/5/6
f 4973/5/6 4960/5/6 4974/5/6
f 4961/5/6 4962/5/6 4975/5/6
f 4975/5/6 4962/5/6 4976/5/6
f 4964/5/6 4965/5/6 4977/5/6
f 4977/5/6 4965/5/6 4978/5/6
f 4966/8/6 4967/8/6 4979/8/6
f 4979/8/6 4967/8/6 4980/8/6
f 4951/5/6 4952/5/6 4981/5/6
f 4981/5/6 4952/5/6 4982/5/6
f 4982/5/6 4983/5/6 4990/5/6
f 4990/5/6 4983/5/6 4991/5/6
f 4984/5/6 4985/5/6 4997/5/6
f 4997/5/6 4985/5/6 4998/5/6
f 4986/5/6 4987/5/6 4999/5/6
f 4999/5/6 4987/5/6 5000/5/6
f 4988/5/6 4989/5/6 5001/5/6
f 5001/5/6 4989/5/6 5002/5/6
f 4992/5/6 4993/5/6 5006/5/6
f 5006/5/6 4993/5/6 5007/5/6
f 4994/5/6 4995/5/6 5008/5/6
f 5008/5/6 4995/5/6 5009/5/6
f 4996/4/6 4997/4/6 5012/4/6
f 5012/4/6 4997/4/6 5013/4/6
f 5002/5/6 5003/5/6 5018/5/6
f 5018/5/6 5003/5/6 5019/5/6
f 5004/5/6 5005/5/6 5022/5/6
f 5022/5/6 5005/5/6 5023/5/6
f 5010/5/6 5011/5/6 5026/5/6
f 5026/5/6 5011/5/6 5027/5/6
f 5014/5/6 5015/5/6 5028/5/6
f 5028/5/6 5015/5/6 5029/5/6
f 5016/5/6 5017/5/6 5030/5/6
f 5030/5/6 5017/5/6 5031/5/6
f 5020/5/6 5021/5/6 5033/5/6
f 5033/5/6 5021/5/6 5034/5/6
f 5024/5/6 5025/5/6 5035/5/6
f 5031/5/6 5032/5/6 5040/5/6
f 5040/5/6 5032/5/6 5041/5/6
f 5024/5/6 5035/5/6 5042/5/6
f 5038/5/6 5039/5/6 5047/5/6
f 5047/5/6 5039/5/6 5048/5/6
f 5024/5/6 5042/5/6 5051/5/6
f 5051/5/6 5042/5/6 5052/5/6
f 5043/5/6 5044/5/6 5054/5/6
f 5054/5/6 5044/5/6 5055/5/6
f 5036/5/6 5037/5/6 5056/5/6
f 5056/5/6 5037/5/6 5057/5/6
f 5049/5/6 5050/5/6 5062/5/6
f 5062/5/6 5050/5/6 5063/5/6
f 5052/6/6 5053/6/6 5066/6/6
f 5066/6/6 5053/6/6 5067/6/6
f 5045/5/6 5046/5/6 5072/5/6
f 5072/5/6 5046/5/6 5073/5/6
f 5058/5/6 5059/5/6 5074/5/6
f 5074/5/6 5059/5/6 5075/5/6
f 5060/4/6 5061/4/6 5076/4/6
f 5076/4/6 5061/4/6 5077/4/6
f 5064/6/6 5065/6/6 5080/6/6
f 5080/6/6 5065/6/6 5081/6/6
f 5068/5/6 5069/5/6 5082/5/6
f 5082/5/6 5069/5/6 5083/5/6
f 5070/5/6 5071/5/6 5086/5/6
f 5086/5/6 5071/5/6 5087/5/6
f 5078/5/6 5079/5/6 5092/5/6
f 5092/5/6 5079/5/6 5093/5/6
f 5084/5/6 5085/5/6 5097/5/6
f 5097/5/6 5085/5/6 5098/5/6
f 5088/5/6 5089/5/6 5104/5/6
f 5104/5/6 5089/5/6 5105/5/6
f 5090/5/6 5091/5/6 5108/5/6
f 5108/5/6 5091/5/6 5109/5/6
f 5094/5/6 5095/5/6 5115/5/6
f 5115/5/6 5095/5/6 5116/5/6
f 5116/5/6 5095/5/6 5117/5/6
f 5117/5/6 5095/5/6 5118/5/6
f 5096/5/6 5097/5/6 5119/5/6
f 5119/5/6 5097/5/6 5120/5/6
f 5098/5/6 5099/5/6 5121/5/6
f 5121/5/6 5099/5/6 5122/5/6
f 5100/5/6 5101/5/6 5123/5/6
f 5123/5/6 5101/5/6 5124/5/6
f 5102/5/6 5103/5/6 5125/5/6
f 5125/5/6 5103/5/6 5126/5/6
f 5106/5/6 5107/5/6 5129/5/6
f 5129/5/6 5107/5/6 5130/5/6
f 5109/5/6 5110/5/6 5131/5/6
f 5131/5/6 5110/5/6 5132/5/6
f 5111/5/6 5112/5/6 5134/5/6
f 5134/5/6 5112/5/6 5135/5/6
f 5113/5/6 5114/5/6 5136/5/6
f 5136/5/6 5114/5/6 5137/5/6
f 5122/5/6 5123/5/6 5142/5/6
f 5142/5/6 5123/5/6 5143/5/6
f 5127/5/6 5128/5/6 5146/5/6
f 5146/5/6 5128/5/6 5147/5/6
f 5133/5/6 5134/5/6 5152/5/6
f 5152/5/6 5134/5/6 5153/5/6
f 5138/5/6 5139/5/6 5156/5/6
f 5156/5/6 5139/5/6 5157/5/6
f 5140/5/6 5141/5/6 5158/5/6
f 5158/5/6 5141/5/6 5159/5/6
f 5144/5/6 5145/5/6 5160/5/6
f 5160/5/6 5145/5/6 5161/5/6
f 5148/5/6 5149/5/6 5164/5/6
f 5164/5/6 5149/5/6 5165/5/6
f 5150/5/6 5151/5/6 5166/5/6
f 5166/5/6 5151/5/6 5167/5/6
f 5154/5/6 5155/5/6 5170/5/6
f 5170/5/6 5155/5/6 5171/5/6
f 5144/5/6 5160/5/6 5176/5/6
f 5176/5/6 5160/5/6 5177/5/6
f 5162/5/6 5163/5/6 5178/5/6
f 5178/5/6 5163/5/6 5179/5/6
f 5168/5/6 5169/5/6 5182/5/6
f 5182/5/6 5169/5/6 5183/5/6
f 5172/5/6 5173/5/6 5186/5/6
f 5186/5/6 5173/5/6 5187/5/6
f 5174/5/6 5175/5/6 5188/5/6
f 5188/5/6 5175/5/6 5189/5/6
f 5180/5/6 5181/5/6 5190/5/6
f 5190/5/6 5181/5/6 5191/5/6
f 5184/5/6 5185/5/6 5192/5/6
f 5192/5/6 5185/5/6 5193/5/6
f 5194/5/6 5195/5/6 5198/5/6
f 5198/5/6 5195/5/6 5199/5/6
f 5196/5/6 5197/5/6 5200/5/6
f 5200/5/6 5197/5/6 5201/5/6
f 5202/4/6 5203/4/6 5208/4/6
f 5208/4/6 5203/4/6 5209/4/6
f 5204/4/6 5205/4/6 5210/4/6
f 5210/4/6 5205/4/6 5211/4/6
f 5206/5/6 5207/5/6 5212/5/6
f 5212/5/6 5207/5/6 5213/5/6
f 5208/5/6 5209/5/6 5214/5/6
f 5214/5/6 5209/5/6 5215/5/6
f 5216/5/6 5217/5/6 5220/5/6
f 5220/5/6 5217/5/6 5221/5/6
f 5218/5/6 5219/5/6 5224/5/6
f 5224/5/6 5219/5/6 5225/5/6
f 5222/5/6 5223/5/6 5226/5/6
f 5226/5/6 5223/5/6 5227/5/6
f 5228/5/6 5229/5/6 5235/5/6
f 5235/5/6 5229/5/6 5236/5/6
f 5230/6/6 5231/6/6 5237/6/6
f 5237/6/6 5231/6/6 5238/6/6
f 5232/4/6 5233/4/6 5239/4/6
f 5239/4/6 5233/4/6 5240/4/6
f 5234/5/6 5235/5/6 5243/5/6
f 5235/5/6 5236/5/6 5243/5/6
f 5243/5/6 5236/5/6 5244/5/6
f 5239/6/6 5240/6/6 5245/6/6
f 5245/6/6 5240/6/6 5246/6/6
f 5241/6/6 5242/6/6 5247/6/6
f 5247/6/6 5242/6/6 5248/6/6
f 5249/4/6 5250/4/6 5257/4/6
f 5257/4/6 5250/4/6 5258/4/6
f 5251/5/6 5252/5/6 5259/5/6
f 5259/5/6 5252/5/6 5260/5/6
f 5253/5/6 5254/5/6 5261/5/6
f 5261/5/6 5254/5/6 5262/5/6
f 5255/6/6 5256/6/6 5263/6/6
f 5263/6/6 5256/6/6 5264/6/6
f 5265/5/6 5266/5/6 5269/5/6
f 5269/5/6 5266/5/6 5270/5/6
f 5267/5/6 5268/5/6 5271/5/6
f 5271/5/6 5268/5/6 5272/5/6
f 5273/4/6 5274/4/6 5279/4/6
f 5279/4/6 5274/4/6 5280/4/6
f 5275/5/6 5276/5/6 5281/5/6
f 5281/5/6 5276/5/6 5282/5/6
f 5277/5/6 5278/5/6 5283/5/6
f 5283/5/6 5278/5/6 5284/5/6
f 5285/6/6 5286/6/6 5287/6/6
f 5287/6/6 5286/6/6 5288/6/6
f 5289/5/6 5290/5/6 5293/5/6
f 5293/5/6 5290/5/6 5294/5/6
f 5291/5/6 5292/5/6 5295/5/6
f 5295/5/6 5292/5/6 5296/5/6
f 5289/5/6 5293/5/6 5299/5/6
f 5299/5/6 5293/5/6 5300/5/6
f 5297/8/6 5298/8/6 5303/8/6
f 5303/8/6 5298/8/6 5304/8/6
f 5301/5/6 5302/5/6 5309/5/6
f 5309/5/6 5302/5/6 5310/5/6
f 5305/8/6 5306/8/6 5313/8/6
f 5313/8/6 5306/8/6 5314/8/6
f 5307/4/6 5308/4/6 5315/4/6
f 5315/4/6 5308/4/6 5316/4/6
f 5311/5/6 5312/5/6 5319/5/6
f 5319/5/6 5312/5/6 5320/5/6
f 5317/5/6 5318/5/6 5321/5/6
f 5321/5/6 5318/5/6 5322/5/6
f 5323/4/6 5324/4/6 5329/4/6
f 5329/4/6 5324/4/6 5330/4/6
f 5325/5/6 5326/5/6 5331/5/6
f 5331/5/6 5326/5/6 5332/5/6
f 5327/5/6 5328/5/6 5333/5/6
f 5333/5/6 5328/5/6 5334/5/6
f 5329/5/6 5330/5/6 5335/5/6
f 5335/5/6 5330/5/6 5336/5/6
f 5337/5/6 5338/5/6 5341/5/6
f 5341/5/6 5338/5/6 5342/5/6
f 5339/5/6 5340/5/6 5343/5/6
f 5343/5/6 5340/5/6 5344/5/6
f 5345/6/6 5346/6/6 5349/6/6
f 5349/6/6 5346/6/6 5350/6/6
f 5347/5/6 5348/5/6 5352/5/6
f 5352/5/6 5348/5/6 5353/5/6
f 5351/6/6 5352/6/6 5356/6/6
f 5356/6/6 5352/6/6 5357/6/6
f 5354/5/6 5355/5/6 5360/5/6
f 5360/5/6 5355/5/6 5361/5/6
f 5362/5/6 5363/5/6 5366/5/6
f 5366/5/6 5363/5/6 5367/5/6
f 5364/5/6 5365/5/6 5370/5/6
f 5370/5/6 5365/5/6 5371/5/6
f 5358/5/6 5359/5/6 5374/5/6
f 5374/5/6 5359/5/6 5375/5/6
f 5368/5/6 5369/5/6 5378/5/6
f 5378/5/6 5369/5/6 5379/5/6
f 5372/5/6 5373/5/6 5380/5/6
f 5380/5/6 5373/5/6 5381/5/6
f 5376/4/6 5377/4/6 5382/4/6
f 5382/4/6 5377/4/6 5383/4/6
f 5384/5/6 5385/5/6 5386/5/6
f 5386/5/6 5385/5/6 5387/5/6
f 5388/5/6 5389/5/6 5390/5/6
f 5390/5/6 5389/5/6 5391/5/6
f 5392/5/6 5393/5/6 5398/5/6
f 5398/5/6 5393/5/6 5399/5/6
f 5394/5/6 5395/5/6 5400/5/6
f 5400/5/6 5395/5/6 5401/5/6
f 5396/4/6 5397/4/6 5402/4/6
f 5402/4/6 5397/4/6 5403/4/6
f 5404/9/6 5405/9/6 5413/9/6
f 5405/14/6 5406/14/6 5414/14/6
f 5413/9/6 5405/9/6 5414/9/6
f 5414/14/6 5406/14/6 5415/14/6
f 5407/5/6 5408/5/6 5417/5/6
f 5417/5/6 5408/5/6 5418/5/6
f 5409/5/6 5410/5/6 5421/5/6
f 5410/4/6 5411/4/6 5422/4/6
f 5421/5/6 5410/5/6 5422/5/6
f 5422/4/6 5411/4/6 5423/4/6
f 5412/9/6 5413/9/6 5425/9/6
f 5425/9/6 5413/9/6 5426/9/6
f 5415/9/6 5416/9/6 5427/9/6
f 5427/9/6 5416/9/6 5428/9/6
f 5419/6/6 5420/6/6 5430/6/6
f 5430/6/6 5420/6/6 5431/6/6
f 5424/9/6 5425/9/6 5432/9/6
f 5432/9/6 5425/9/6 5433/9/6
f 5428/9/6 5429/9/6 5434/9/6
f 5432/14/6 5433/14/6 5435/14/6
f 5435/14/6 5433/14/6 5436/14/6
f 5434/9/6 5429/9/6 5439/9/6
f 5439/9/6 5429/9/6 5440/9/6
f 5436/9/6 5437/9/6 5441/9/6
f 5441/9/6 5437/9/6 5442/9/6
f 5438/9/6 5439/9/6 5444/9/6
f 5444/9/6 5439/9/6 5445/9/6
f 5442/9/6 5443/9/6 5450/9/6
f 5443/9/6 5444/9/6 5450/9/6
f 5450/9/6 5444/9/6 5451/9/6
f 5446/6/6 5447/6/6 5452/6/6
f 5452/6/6 5447/6/6 5453/6/6
f 5448/4/6 5449/4/6 5456/4/6
f 5456/4/6 5449/4/6 5457/4/6
f 5454/5/6 5455/5/6 5458/5/6
f 5458/5/6 5455/5/6 5459/5/6
f 5460/4/6 5461/4/6 5462/4/6
f 5462/4/6 5461/4/6 5463/4/6
f 5464/5/6 5465/5/6 5466/5/6
f 5466/5/6 5465/5/6 5467/5/6
f 5468/4/6 5469/4/6 5472/4/6
f 5472/4/6 5469/4/6 5473/4/6
f 5470/5/6 5471/5/6 5474/5/6
f 5474/5/6 5471/5/6 5475/5/6
f 5476/8/6 5477/8/6 5478/8/6
f 5478/8/6 5477/8/6 5479/8/6
f 5480/5/6 5481/5/6 5487/5/6
f 5481/4/6 5482/4/6 5488/4/6
f 5487/5/6 5481/5/6 5488/5/6
f 5488/4/6 5482/4/6 5489/4/6
f 5483/4/6 5484/4/6 5490/4/6
f 5490/4/6 5484/4/6 5491/4/6
f 5485/8/6 5486/8/6 5492/8/6
f 5492/8/6 5486/8/6 5493/8/6
f 5494/4/6 5495/4/6 5500/4/6
f 5500/4/6 5495/4/6 5501/4/6
f 5496/5/6 5497/5/6 5502/5/6
f 5502/5/6 5497/5/6 5503/5/6
f 5498/5/6 5499/5/6 5504/5/6
f 5504/5/6 5499/5/6 5505/5/6
f 5506/5/6 5507/5/6 5508/5/6
f 5508/5/6 5507/5/6 5509/5/6
f 5510/6/6 5511/6/6 5514/6/6
f 5514/6/6 5511/6/6 5515/6/6
f 5512/5/6 5513/5/6 5518/5/6
f 5518/5/6 5513/5/6 5519/5/6
f 5516/4/6 5517/4/6 5520/4/6
f 5520/4/6 5517/4/6 5521/4/6
f 5522/5/6 5523/5/6 5524/5/6
f 5524/5/6 5523/5/6 5525/5/6
f 5526/4/6 5527/4/6 5532/4/6
f 5532/4/6 5527/4/6 5533/4/6
f 5528/4/6 5529/4/6 5534/4/6
f 5534/4/6 5529/4/6 5535/4/6
f 5530/5/6 5531/5/6 5536/5/6
f 5536/5/6 5531/5/6 5537/5/6
f 5536/4/6 5537/4/6 5538/4/6
f 5538/4/6 5537/4/6 5539/4/6
f 5540/9/6 5541/9/6 5543/9/6
f 5543/9/6 5541/9/6 5544/9/6
f 5544/9/6 5541/9/6 5545/9/6
f 5542/9/6 5543/9/6 5547/9/6
f 5543/14/6 5544/14/6 5547/14/6
f 5545/9/6 5546/9/6 5548/9/6
f 5547/14/6 5544/14/6 5548/14/6
f 5544/9/6 5545/9/6 5548/9/6
f 5548/9/6 5546/9/6 5549/9/6
f 5549/9/6 5546/9/6 5550/9/6
f 5542/9/6 5547/9/6 5551/9/6
f 5547/9/6 5548/9/6 5551/9/6
f 5548/9/6 5549/9/6 5551/9/6
f 5551/9/6 5549/9/6 5552/9/6
f 5552/9/6 5549/9/6 5553/9/6
f 5549/14/6 5550/14/6 5554/14/6
f 5553/9/6 5549/9/6 5554/9/6
f 5554/14/6 5550/14/6 5555/14/6
f 5552/14/6 5553/14/6 5556/14/6
f 5553/9/6 5554/9/6 5557/9/6
f 5556/14/6 5553/14/6 5557/14/6
f 5557/9/6 5554/9/6 5558/9/6
f 5559/6/6 5560/6/6 5561/6/6
f 5561/6/6 5560/6/6 5562/6/6
f 5563/6/6 5564/6/6 5565/6/6
f 5565/6/6 5564/6/6 5566/6/6
f 5567/4/6 5568/4/6 5569/4/6
f 5569/4/6 5568/4/6 5570/4/6
f 5571/4/6 5572/4/6 5575/4/6
f 5575/4/6 5572/4/6 5576/4/6
f 5573/4/6 5574/4/6 5577/4/6
f 5577/4/6 5574/4/6 5578/4/6
f 5579/4/6 5580/4/6 5581/4/6
f 5581/4/6 5580/4/6 5582/4/6
f 5583/4/6 5584/4/6 5585/4/6
f 5585/4/6 5584/4/6 5586/4/6
f 5587/8/6 5588/8/6 5589/8/6
f 5589/8/6 5588/8/6 5590/8/6
f 5591/4/6 5592/4/6 5595/4/6
f 5595/4/6 5592/4/6 5596/4/6
f 5593/4/6 5594/4/6 5597/4/6
f 5597/4/6 5594/4/6 5598/4/6
f 5599/6/6 5600/6/6 5601/6/6
f 5601/6/6 5600/6/6 5602/6/6
f 5603/4/6 5604/4/6 5605/4/6
f 5605/4/6 5604/4/6 5606/4/6
f 5607/4/6 5608/4/6 5609/4/6
f 5609/4/6 5608/4/6 5610/4/6
f 5611/13/6 5612/13/6 5613/13/6
f 5613/13/6 5612/13/6 5614/13/6
f 5615/13/6 5616/13/6 5617/13/6
f 5617/13/6 5616/13/6 5618/13/6
f 5619/8/6 5620/8/6 5621/8/6
f 5621/8/6 5620/8/6 5622/8/6
f 5623/7/6 5624/7/6 5625/7/6
f 5625/7/6 5624/7/6 5626/7/6
f 5625/1/6 5626/1/6 5627/1/6
f 5627/1/6 5626/1/6 5628/1/6
f 5627/7/6 5628/7/6 5629/7/6
f 5629/7/6 5628/7/6 5630/7/6
f 5631/7/6 5632/7/6 5633/7/6
f 5633/7/6 5632/7/6 5634/7/6
f 5635/7/6 5636/7/6 5637/7/6
f 5637/7/6 5636/7/6 5638/7/6
f 5639/13/6 5640/13/6 5641/13/6
f 5641/13/6 5640/13/6 5642/13/6
